CivilizationType;CityName
CIVILIZATION_AMERICA;TXT_KEY_CITY_NAME_WASHINGTON
CIVILIZATION_AMERICA;TXT_KEY_CITY_NAME_NEW_YORK
CIVILIZATION_AMERICA;TXT_KEY_CITY_NAME_BOSTON
CIVILIZATION_AMERICA;TXT_KEY_CITY_NAME_PHILADELPHIA
CIVILIZATION_AMERICA;TXT_KEY_CITY_NAME_ATLANTA
CIVILIZATION_AMERICA;TXT_KEY_CITY_NAME_CHICAGO
CIVILIZATION_AMERICA;TXT_KEY_CITY_NAME_SEATTLE
CIVILIZATION_AMERICA;TXT_KEY_CITY_NAME_SAN_FRANCISCO
CIVILIZATION_AMERICA;TXT_KEY_CITY_NAME_LOS_ANGELES
CIVILIZATION_AMERICA;TXT_KEY_CITY_NAME_HOUSTON
CIVILIZATION_AMERICA;TXT_KEY_CITY_NAME_PORTLAND
CIVILIZATION_AMERICA;TXT_KEY_CITY_NAME_ST_LOUIS
CIVILIZATION_AMERICA;TXT_KEY_CITY_NAME_MIAMI
CIVILIZATION_AMERICA;TXT_KEY_CITY_NAME_BUFFALO
CIVILIZATION_AMERICA;TXT_KEY_CITY_NAME_DETROIT
CIVILIZATION_AMERICA;TXT_KEY_CITY_NAME_NEW_ORLEANS
CIVILIZATION_AMERICA;TXT_KEY_CITY_NAME_BALTIMORE
CIVILIZATION_AMERICA;TXT_KEY_CITY_NAME_DENVER
CIVILIZATION_AMERICA;TXT_KEY_CITY_NAME_CINCINNATI
CIVILIZATION_AMERICA;TXT_KEY_CITY_NAME_DALLAS
CIVILIZATION_AMERICA;TXT_KEY_CITY_NAME_CLEVELAN
CIVILIZATION_AMERICA;TXT_KEY_CITY_NAME_KANSAS_CITY
CIVILIZATION_AMERICA;TXT_KEY_CITY_NAME_SAN_DIEGO
CIVILIZATION_AMERICA;TXT_KEY_CITY_NAME_RICHMOND
CIVILIZATION_AMERICA;TXT_KEY_CITY_NAME_LAS_VEGAS
CIVILIZATION_AMERICA;TXT_KEY_CITY_NAME_PHOENIX
CIVILIZATION_AMERICA;TXT_KEY_CITY_NAME_ALBUQUERQUE
CIVILIZATION_AMERICA;TXT_KEY_CITY_NAME_MINNEAPOLIS
CIVILIZATION_AMERICA;TXT_KEY_CITY_NAME_PITTSBURGH
CIVILIZATION_AMERICA;TXT_KEY_CITY_NAME_OAKLAND
CIVILIZATION_AMERICA;TXT_KEY_CITY_NAME_TAMPA_BAY
CIVILIZATION_AMERICA;TXT_KEY_CITY_NAME_ORLANDO
CIVILIZATION_AMERICA;TXT_KEY_CITY_NAME_TACOMA
CIVILIZATION_AMERICA;TXT_KEY_CITY_NAME_SANTA_FE
CIVILIZATION_AMERICA;TXT_KEY_CITY_NAME_OLYMPIA
CIVILIZATION_AMERICA;TXT_KEY_CITY_NAME_HUNT_VALLEY
CIVILIZATION_AMERICA;TXT_KEY_CITY_NAME_SPRINGFIELD
CIVILIZATION_AMERICA;TXT_KEY_CITY_NAME_PALO_ALTO
CIVILIZATION_AMERICA;TXT_KEY_CITY_NAME_CENTRALIA
CIVILIZATION_AMERICA;TXT_KEY_CITY_NAME_SPOKANE
CIVILIZATION_AMERICA;TXT_KEY_CITY_NAME_JACKSONVILLE
CIVILIZATION_AMERICA;TXT_KEY_CITY_NAME_SAVANNAH
CIVILIZATION_AMERICA;TXT_KEY_CITY_NAME_CHARLESTON
CIVILIZATION_AMERICA;TXT_KEY_CITY_NAME_SAN_ANTONIO
CIVILIZATION_AMERICA;TXT_KEY_CITY_NAME_OMAHA
CIVILIZATION_AMERICA;TXT_KEY_CITY_NAME_HONOLULU
CIVILIZATION_AMERICA;TXT_KEY_CITY_NAME_ANCHORAGE
CIVILIZATION_AMERICA;TXT_KEY_CITY_NAME_SACRAMENTO
CIVILIZATION_AMERICA;TXT_KEY_CITY_NAME_SALT_LAKE_CITY
CIVILIZATION_AMERICA;TXT_KEY_CITY_NAME_RENO
CIVILIZATION_AMERICA;TXT_KEY_CITY_NAME_BOISE
CIVILIZATION_AMERICA;TXT_KEY_CITY_NAME_MILWAUKEE
CIVILIZATION_AMERICA;TXT_KEY_CITY_NAME_SANTA_CRUZ
CIVILIZATION_AMERICA;TXT_KEY_CITY_NAME_MONTEREY
CIVILIZATION_AMERICA;TXT_KEY_CITY_NAME_SANTA_MONICA
CIVILIZATION_AMERICA;TXT_KEY_CITY_NAME_LITTLE_ROCK
CIVILIZATION_AMERICA;TXT_KEY_CITY_NAME_COLUMBUS
CIVILIZATION_AMERICA;TXT_KEY_CITY_NAME_LE_BAM
CIVILIZATION_ARABIA;TXT_KEY_CITY_NAME_MECCA
CIVILIZATION_ARABIA;TXT_KEY_CITY_NAME_MEDINA
CIVILIZATION_ARABIA;TXT_KEY_CITY_NAME_DAMASCUS
CIVILIZATION_ARABIA;TXT_KEY_CITY_NAME_BAGHDAD
CIVILIZATION_ARABIA;TXT_KEY_CITY_NAME_NAJRAN
CIVILIZATION_ARABIA;TXT_KEY_CITY_NAME_KUFAH
CIVILIZATION_ARABIA;TXT_KEY_CITY_NAME_BASRA
CIVILIZATION_ARABIA;TXT_KEY_CITY_NAME_KHURASAN
CIVILIZATION_ARABIA;TXT_KEY_CITY_NAME_ANJAR
CIVILIZATION_ARABIA;TXT_KEY_CITY_NAME_FUSTAT
CIVILIZATION_ARABIA;TXT_KEY_CITY_NAME_ADEN
CIVILIZATION_ARABIA;TXT_KEY_CITY_NAME_YAMAMA
CIVILIZATION_ARABIA;TXT_KEY_CITY_NAME_MUSCAT
CIVILIZATION_ARABIA;TXT_KEY_CITY_NAME_MANSURA
CIVILIZATION_ARABIA;TXT_KEY_CITY_NAME_BUKHARA
CIVILIZATION_ARABIA;TXT_KEY_CITY_NAME_SHIRAZ
CIVILIZATION_ARABIA;TXT_KEY_CITY_NAME_MERW
CIVILIZATION_ARABIA;TXT_KEY_CITY_NAME_BALKH
CIVILIZATION_ARABIA;TXT_KEY_CITY_NAME_MOSUL
CIVILIZATION_ARABIA;TXT_KEY_CITY_NAME_AYDAB
CIVILIZATION_ARABIA;TXT_KEY_CITY_NAME_BAYT_RAS
CIVILIZATION_ARABIA;TXT_KEY_CITY_NAME_SUHAR
CIVILIZATION_ARABIA;TXT_KEY_CITY_NAME_TAIF
CIVILIZATION_ARABIA;TXT_KEY_CITY_NAME_HAMA
CIVILIZATION_ARABIA;TXT_KEY_CITY_NAME_TABUK
CIVILIZATION_ARABIA;TXT_KEY_CITY_NAME_SANAA
CIVILIZATION_ARABIA;TXT_KEY_CITY_NAME_SHIHR
CIVILIZATION_ARABIA;TXT_KEY_CITY_NAME_TRIPOLI
CIVILIZATION_ARABIA;TXT_KEY_CITY_NAME_TUNIS
CIVILIZATION_ARABIA;TXT_KEY_CITY_NAME_KAIROUAN
CIVILIZATION_ARABIA;TXT_KEY_CITY_NAME_ALGIERS
CIVILIZATION_ARABIA;TXT_KEY_CITY_NAME_ORAN
CIVILIZATION_AZTEC;TXT_KEY_CITY_NAME_TENOCHTITLAN
CIVILIZATION_AZTEC;TXT_KEY_CITY_NAME_TEOTIHUACAN
CIVILIZATION_AZTEC;TXT_KEY_CITY_NAME_TLATELOLCO
CIVILIZATION_AZTEC;TXT_KEY_CITY_NAME_TEXCOCO
CIVILIZATION_AZTEC;TXT_KEY_CITY_NAME_TLAXCALA
CIVILIZATION_AZTEC;TXT_KEY_CITY_NAME_CALIXTLAHUACA
CIVILIZATION_AZTEC;TXT_KEY_CITY_NAME_XOCHICALCO
CIVILIZATION_AZTEC;TXT_KEY_CITY_NAME_TLACOPAN
CIVILIZATION_AZTEC;TXT_KEY_CITY_NAME_ATZCAPOTZALCO
CIVILIZATION_AZTEC;TXT_KEY_CITY_NAME_TZINTZUNTZEN
CIVILIZATION_AZTEC;TXT_KEY_CITY_NAME_MALINALCO
CIVILIZATION_AZTEC;TXT_KEY_CITY_NAME_TULA
CIVILIZATION_AZTEC;TXT_KEY_CITY_NAME_TAMUIN
CIVILIZATION_AZTEC;TXT_KEY_CITY_NAME_TEAYO
CIVILIZATION_AZTEC;TXT_KEY_CITY_NAME_CEMPOALA
CIVILIZATION_AZTEC;TXT_KEY_CITY_NAME_CHALCO
CIVILIZATION_AZTEC;TXT_KEY_CITY_NAME_TLALMANALCO
CIVILIZATION_AZTEC;TXT_KEY_CITY_NAME_IXTAPALUCA
CIVILIZATION_AZTEC;TXT_KEY_CITY_NAME_HUEXOTLA
CIVILIZATION_AZTEC;TXT_KEY_CITY_NAME_TEPEXPAN
CIVILIZATION_AZTEC;TXT_KEY_CITY_NAME_TEPETLAOXTOC
CIVILIZATION_AZTEC;TXT_KEY_CITY_NAME_CHICONAUTLA
CIVILIZATION_AZTEC;TXT_KEY_CITY_NAME_ZITLALTEPEC
CIVILIZATION_AZTEC;TXT_KEY_CITY_NAME_COYOTEPEC
CIVILIZATION_AZTEC;TXT_KEY_CITY_NAME_TEQUIXQUIAC
CIVILIZATION_AZTEC;TXT_KEY_CITY_NAME_JILOTZINGO
CIVILIZATION_AZTEC;TXT_KEY_CITY_NAME_TLAPANALOYA
CIVILIZATION_AZTEC;TXT_KEY_CITY_NAME_TULTITAN
CIVILIZATION_AZTEC;TXT_KEY_CITY_NAME_ECATEPEC
CIVILIZATION_AZTEC;TXT_KEY_CITY_NAME_COATEPEC
CIVILIZATION_AZTEC;TXT_KEY_CITY_NAME_CHALCHIUITES
CIVILIZATION_AZTEC;TXT_KEY_CITY_NAME_CHIAUHITA
CIVILIZATION_AZTEC;TXT_KEY_CITY_NAME_CHAPULTEPEC
CIVILIZATION_AZTEC;TXT_KEY_CITY_NAME_ITZAPALAPA
CIVILIZATION_AZTEC;TXT_KEY_CITY_NAME_AYOTZINCO
CIVILIZATION_AZTEC;TXT_KEY_CITY_NAME_IZTAPAM
CIVILIZATION_CHINA;TXT_KEY_CITY_NAME_BEIJING
CIVILIZATION_CHINA;TXT_KEY_CITY_NAME_SHANGHAI
CIVILIZATION_CHINA;TXT_KEY_CITY_NAME_GUANGZHOU
CIVILIZATION_CHINA;TXT_KEY_CITY_NAME_NANJING
CIVILIZATION_CHINA;TXT_KEY_CITY_NAME_XIAN
CIVILIZATION_CHINA;TXT_KEY_CITY_NAME_CHENGDU
CIVILIZATION_CHINA;TXT_KEY_CITY_NAME_HANGZHOU
CIVILIZATION_CHINA;TXT_KEY_CITY_NAME_TIANJIN
CIVILIZATION_CHINA;TXT_KEY_CITY_NAME_MACAU
CIVILIZATION_CHINA;TXT_KEY_CITY_NAME_SHANDONG
CIVILIZATION_CHINA;TXT_KEY_CITY_NAME_KAIFENG
CIVILIZATION_CHINA;TXT_KEY_CITY_NAME_NINGBO
CIVILIZATION_CHINA;TXT_KEY_CITY_NAME_BAODING
CIVILIZATION_CHINA;TXT_KEY_CITY_NAME_YANGZHOU
CIVILIZATION_CHINA;TXT_KEY_CITY_NAME_HAERBIN
CIVILIZATION_CHINA;TXT_KEY_CITY_NAME_CHONGQING
CIVILIZATION_CHINA;TXT_KEY_CITY_NAME_LOYANG
CIVILIZATION_CHINA;TXT_KEY_CITY_NAME_KUNMING
CIVILIZATION_CHINA;TXT_KEY_CITY_NAME_TAIPEI
CIVILIZATION_CHINA;TXT_KEY_CITY_NAME_SHENYANG
CIVILIZATION_CHINA;TXT_KEY_CITY_NAME_TAIYUAN
CIVILIZATION_CHINA;TXT_KEY_CITY_NAME_TAINAN
CIVILIZATION_CHINA;TXT_KEY_CITY_NAME_DALIAN
CIVILIZATION_CHINA;TXT_KEY_CITY_NAME_LIJIANG
CIVILIZATION_CHINA;TXT_KEY_CITY_NAME_WUXI
CIVILIZATION_CHINA;TXT_KEY_CITY_NAME_SUZHOU
CIVILIZATION_CHINA;TXT_KEY_CITY_NAME_MAOMING
CIVILIZATION_CHINA;TXT_KEY_CITY_NAME_SHAOGUAN
CIVILIZATION_CHINA;TXT_KEY_CITY_NAME_YANGJIANG
CIVILIZATION_CHINA;TXT_KEY_CITY_NAME_HEYUAN
CIVILIZATION_CHINA;TXT_KEY_CITY_NAME_LIAONING
CIVILIZATION_CHINA;TXT_KEY_CITY_NAME_HUBEI
CIVILIZATION_CHINA;TXT_KEY_CITY_NAME_GANSU
CIVILIZATION_CHINA;TXT_KEY_CITY_NAME_HUANGSHI
CIVILIZATION_CHINA;TXT_KEY_CITY_NAME_YICHANG
CIVILIZATION_CHINA;TXT_KEY_CITY_NAME_YINGTAN
CIVILIZATION_CHINA;TXT_KEY_CITY_NAME_XINYU
CIVILIZATION_CHINA;TXT_KEY_CITY_NAME_XINZHENG
CIVILIZATION_CHINA;TXT_KEY_CITY_NAME_HANDAN
CIVILIZATION_CHINA;TXT_KEY_CITY_NAME_DUNHUANG
CIVILIZATION_CHINA;TXT_KEY_CITY_NAME_GAOYU
CIVILIZATION_CHINA;TXT_KEY_CITY_NAME_NANTONG
CIVILIZATION_CHINA;TXT_KEY_CITY_NAME_WEIFANG
CIVILIZATION_CHINA;TXT_KEY_CITY_NAME_XIKANG
CIVILIZATION_EGYPT;TXT_KEY_CITY_NAME_THEBES
CIVILIZATION_EGYPT;TXT_KEY_CITY_NAME_MEMPHIS
CIVILIZATION_EGYPT;TXT_KEY_CITY_NAME_HELIOPOLIS
CIVILIZATION_EGYPT;TXT_KEY_CITY_NAME_ELEPHANTINE
CIVILIZATION_EGYPT;TXT_KEY_CITY_NAME_ALEXANDRIA
CIVILIZATION_EGYPT;TXT_KEY_CITY_NAME_PIRAMESSES
CIVILIZATION_EGYPT;TXT_KEY_CITY_NAME_GIZA
CIVILIZATION_EGYPT;TXT_KEY_CITY_NAME_AKHETATEN
CIVILIZATION_EGYPT;TXT_KEY_CITY_NAME_HIERACONPOLIS
CIVILIZATION_EGYPT;TXT_KEY_CITY_NAME_ABYDOS
CIVILIZATION_EGYPT;TXT_KEY_CITY_NAME_ASYUT
CIVILIZATION_EGYPT;TXT_KEY_CITY_NAME_AVARIS
CIVILIZATION_EGYPT;TXT_KEY_CITY_NAME_LISHT
CIVILIZATION_EGYPT;TXT_KEY_CITY_NAME_BUTO
CIVILIZATION_EGYPT;TXT_KEY_CITY_NAME_EDFU
CIVILIZATION_EGYPT;TXT_KEY_CITY_NAME_PITHOM
CIVILIZATION_EGYPT;TXT_KEY_CITY_NAME_BUSIRIS
CIVILIZATION_EGYPT;TXT_KEY_CITY_NAME_KAHUN
CIVILIZATION_EGYPT;TXT_KEY_CITY_NAME_ATHRIBIS
CIVILIZATION_EGYPT;TXT_KEY_CITY_NAME_MENDES
CIVILIZATION_EGYPT;TXT_KEY_CITY_NAME_ELASHMUNEIN
CIVILIZATION_EGYPT;TXT_KEY_CITY_NAME_TANIS
CIVILIZATION_EGYPT;TXT_KEY_CITY_NAME_BUBASTIS
CIVILIZATION_EGYPT;TXT_KEY_CITY_NAME_THIS
CIVILIZATION_EGYPT;TXT_KEY_CITY_NAME_ORYX
CIVILIZATION_EGYPT;TXT_KEY_CITY_NAME_SEBENNYTUS
CIVILIZATION_EGYPT;TXT_KEY_CITY_NAME_AKHMIN
CIVILIZATION_EGYPT;TXT_KEY_CITY_NAME_KARNAK
CIVILIZATION_EGYPT;TXT_KEY_CITY_NAME_LUXOR
CIVILIZATION_EGYPT;TXT_KEY_CITY_NAME_ELKAB
CIVILIZATION_EGYPT;TXT_KEY_CITY_NAME_ARMANT
CIVILIZATION_EGYPT;TXT_KEY_CITY_NAME_BALAT
CIVILIZATION_EGYPT;TXT_KEY_CITY_NAME_ELLAHUN
CIVILIZATION_EGYPT;TXT_KEY_CITY_NAME_GHURAB
CIVILIZATION_EGYPT;TXT_KEY_CITY_NAME_HAWARA
CIVILIZATION_EGYPT;TXT_KEY_CITY_NAME_DASHUR
CIVILIZATION_EGYPT;TXT_KEY_CITY_NAME_RAQOTE
CIVILIZATION_EGYPT;TXT_KEY_CITY_NAME_DAMANHUR
CIVILIZATION_EGYPT;TXT_KEY_CITY_NAME_MERIMDE
CIVILIZATION_EGYPT;TXT_KEY_CITY_NAME_ABUSIR
CIVILIZATION_EGYPT;TXT_KEY_CITY_NAME_HERAKLEOPOLIS
CIVILIZATION_EGYPT;TXT_KEY_CITY_NAME_AKORIS
CIVILIZATION_EGYPT;TXT_KEY_CITY_NAME_BENIHASAN
CIVILIZATION_EGYPT;TXT_KEY_CITY_NAME_TASA
CIVILIZATION_EGYPT;TXT_KEY_CITY_NAME_BADARI
CIVILIZATION_EGYPT;TXT_KEY_CITY_NAME_HERMOPOLIS
CIVILIZATION_EGYPT;TXT_KEY_CITY_NAME_AMRAH
CIVILIZATION_EGYPT;TXT_KEY_CITY_NAME_NEGADE
CIVILIZATION_EGYPT;TXT_KEY_CITY_NAME_KOPTOS
CIVILIZATION_EGYPT;TXT_KEY_CITY_NAME_HERMONTHIS
CIVILIZATION_EGYPT;TXT_KEY_CITY_NAME_OMBOS
CIVILIZATION_EGYPT;TXT_KEY_CITY_NAME_ANIBA
CIVILIZATION_EGYPT;TXT_KEY_CITY_NAME_SOLEB
CIVILIZATION_EGYPT;TXT_KEY_CITY_NAME_SEMNA
CIVILIZATION_EGYPT;TXT_KEY_CITY_NAME_AMARA
CIVILIZATION_ENGLAND;TXT_KEY_CITY_NAME_LONDON
CIVILIZATION_ENGLAND;TXT_KEY_CITY_NAME_YORK
CIVILIZATION_ENGLAND;TXT_KEY_CITY_NAME_NOTTHINGHAM
CIVILIZATION_ENGLAND;TXT_KEY_CITY_NAME_HASTINGS
CIVILIZATION_ENGLAND;TXT_KEY_CITY_NAME_CANTERBURY
CIVILIZATION_ENGLAND;TXT_KEY_CITY_NAME_COVENTRY
CIVILIZATION_ENGLAND;TXT_KEY_CITY_NAME_WARWICK
CIVILIZATION_ENGLAND;TXT_KEY_CITY_NAME_NEWCASTLE
CIVILIZATION_ENGLAND;TXT_KEY_CITY_NAME_OXFORD
CIVILIZATION_ENGLAND;TXT_KEY_CITY_NAME_LIVERPOOL
CIVILIZATION_ENGLAND;TXT_KEY_CITY_NAME_DOVER
CIVILIZATION_ENGLAND;TXT_KEY_CITY_NAME_BRIGHTON
CIVILIZATION_ENGLAND;TXT_KEY_CITY_NAME_NORWICH
CIVILIZATION_ENGLAND;TXT_KEY_CITY_NAME_LEEDS
CIVILIZATION_ENGLAND;TXT_KEY_CITY_NAME_READING
CIVILIZATION_ENGLAND;TXT_KEY_CITY_NAME_BIRMINGHAM
CIVILIZATION_ENGLAND;TXT_KEY_CITY_NAME_EXETER
CIVILIZATION_ENGLAND;TXT_KEY_CITY_NAME_CAMBRIDGE
CIVILIZATION_ENGLAND;TXT_KEY_CITY_NAME_GLOUCESTER
CIVILIZATION_ENGLAND;TXT_KEY_CITY_NAME_MANCHESTER
CIVILIZATION_ENGLAND;TXT_KEY_CITY_NAME_BRISTOL
CIVILIZATION_ENGLAND;TXT_KEY_CITY_NAME_LEICESTER
CIVILIZATION_ENGLAND;TXT_KEY_CITY_NAME_CARLISLE
CIVILIZATION_ENGLAND;TXT_KEY_CITY_NAME_IPSWICH
CIVILIZATION_ENGLAND;TXT_KEY_CITY_NAME_PORTSMOUTH
CIVILIZATION_ENGLAND;TXT_KEY_CITY_NAME_BERWICK
CIVILIZATION_ENGLAND;TXT_KEY_CITY_NAME_BATH
CIVILIZATION_ENGLAND;TXT_KEY_CITY_NAME_MUMBLES
CIVILIZATION_ENGLAND;TXT_KEY_CITY_NAME_SOUTHAMPTON
CIVILIZATION_ENGLAND;TXT_KEY_CITY_NAME_SHEFFIELD
CIVILIZATION_ENGLAND;TXT_KEY_CITY_NAME_SALISBURY
CIVILIZATION_ENGLAND;TXT_KEY_CITY_NAME_COLCHESTER
CIVILIZATION_ENGLAND;TXT_KEY_CITY_NAME_PLYMOUTH
CIVILIZATION_ENGLAND;TXT_KEY_CITY_NAME_LANCASTER
CIVILIZATION_ENGLAND;TXT_KEY_CITY_NAME_BLACKPOOL
CIVILIZATION_ENGLAND;TXT_KEY_CITY_NAME_WINCHESTER
CIVILIZATION_ENGLAND;TXT_KEY_CITY_NAME_HULL
CIVILIZATION_FRANCE;TXT_KEY_CITY_NAME_PARIS
CIVILIZATION_FRANCE;TXT_KEY_CITY_NAME_ORLEANS
CIVILIZATION_FRANCE;TXT_KEY_CITY_NAME_LYONS
CIVILIZATION_FRANCE;TXT_KEY_CITY_NAME_RHEIMS
CIVILIZATION_FRANCE;TXT_KEY_CITY_NAME_TOURS
CIVILIZATION_FRANCE;TXT_KEY_CITY_NAME_MARSEILLES
CIVILIZATION_FRANCE;TXT_KEY_CITY_NAME_CHARTRES
CIVILIZATION_FRANCE;TXT_KEY_CITY_NAME_AVIGNON
CIVILIZATION_FRANCE;TXT_KEY_CITY_NAME_ROUEN
CIVILIZATION_FRANCE;TXT_KEY_CITY_NAME_GRENOBLE
CIVILIZATION_FRANCE;TXT_KEY_CITY_NAME_DJION
CIVILIZATION_FRANCE;TXT_KEY_CITY_NAME_AMIENS
CIVILIZATION_FRANCE;TXT_KEY_CITY_NAME_CHERBOURG
CIVILIZATION_FRANCE;TXT_KEY_CITY_NAME_POITIERS
CIVILIZATION_FRANCE;TXT_KEY_CITY_NAME_TOULOUSE
CIVILIZATION_FRANCE;TXT_KEY_CITY_NAME_BAYONNE
CIVILIZATION_FRANCE;TXT_KEY_CITY_NAME_STRASBOURG
CIVILIZATION_FRANCE;TXT_KEY_CITY_NAME_BREST
CIVILIZATION_FRANCE;TXT_KEY_CITY_NAME_BORDEAUX
CIVILIZATION_FRANCE;TXT_KEY_CITY_NAME_RENNES
CIVILIZATION_FRANCE;TXT_KEY_CITY_NAME_NICE
CIVILIZATION_FRANCE;TXT_KEY_CITY_NAME_SAINT_ETIENNE
CIVILIZATION_FRANCE;TXT_KEY_CITY_NAME_NANTES
CIVILIZATION_FRANCE;TXT_KEY_CITY_NAME_REIMS
CIVILIZATION_FRANCE;TXT_KEY_CITY_NAME_LE_MANS
CIVILIZATION_FRANCE;TXT_KEY_CITY_NAME_MONTPELLIER
CIVILIZATION_FRANCE;TXT_KEY_CITY_NAME_LIMOGES
CIVILIZATION_FRANCE;TXT_KEY_CITY_NAME_NANCY
CIVILIZATION_FRANCE;TXT_KEY_CITY_NAME_LILLE
CIVILIZATION_FRANCE;TXT_KEY_CITY_NAME_CAEN
CIVILIZATION_FRANCE;TXT_KEY_CITY_NAME_TOULON
CIVILIZATION_FRANCE;TXT_KEY_CITY_NAME_NIMES
CIVILIZATION_FRANCE;TXT_KEY_CITY_NAME_LE_HAVRE
CIVILIZATION_FRANCE;TXT_KEY_CITY_NAME_LOURDES
CIVILIZATION_FRANCE;TXT_KEY_CITY_NAME_CARCASSONNE
CIVILIZATION_FRANCE;TXT_KEY_CITY_NAME_CANNES
CIVILIZATION_FRANCE;TXT_KEY_CITY_NAME_AIX_EN_PROVINCE
CIVILIZATION_FRANCE;TXT_KEY_CITY_NAME_LA_ROCHELLE
CIVILIZATION_FRANCE;TXT_KEY_CITY_NAME_BOURGES
CIVILIZATION_FRANCE;TXT_KEY_CITY_NAME_CALAIS
CIVILIZATION_GERMANY;TXT_KEY_CITY_NAME_BERLIN
CIVILIZATION_GERMANY;TXT_KEY_CITY_NAME_HAMBURG
CIVILIZATION_GERMANY;TXT_KEY_CITY_NAME_MUNICH
CIVILIZATION_GERMANY;TXT_KEY_CITY_NAME_COLOGNE
CIVILIZATION_GERMANY;TXT_KEY_CITY_NAME_FRANKFURT
CIVILIZATION_GERMANY;TXT_KEY_CITY_NAME_ESSEN
CIVILIZATION_GERMANY;TXT_KEY_CITY_NAME_DORTMUND
CIVILIZATION_GERMANY;TXT_KEY_CITY_NAME_STUTTGART
CIVILIZATION_GERMANY;TXT_KEY_CITY_NAME_DUSSELDORF
CIVILIZATION_GERMANY;TXT_KEY_CITY_NAME_BREMEN
CIVILIZATION_GERMANY;TXT_KEY_CITY_NAME_HANNOVER
CIVILIZATION_GERMANY;TXT_KEY_CITY_NAME_DUISBURG
CIVILIZATION_GERMANY;TXT_KEY_CITY_NAME_LEIPZIG
CIVILIZATION_GERMANY;TXT_KEY_CITY_NAME_DRESDEN
CIVILIZATION_GERMANY;TXT_KEY_CITY_NAME_BONN
CIVILIZATION_GERMANY;TXT_KEY_CITY_NAME_BOCHUM
CIVILIZATION_GERMANY;TXT_KEY_CITY_NAME_BIELEFELD
CIVILIZATION_GERMANY;TXT_KEY_CITY_NAME_KARLSRUHE
CIVILIZATION_GERMANY;TXT_KEY_CITY_NAME_GELSENKIRCHEN
CIVILIZATION_GERMANY;TXT_KEY_CITY_NAME_WIESBADEN
CIVILIZATION_GERMANY;TXT_KEY_CITY_NAME_MUNSTER
CIVILIZATION_GERMANY;TXT_KEY_CITY_NAME_ROSTOCK
CIVILIZATION_GERMANY;TXT_KEY_CITY_NAME_CHEMNITZ
CIVILIZATION_GERMANY;TXT_KEY_CITY_NAME_BRAUNSCHWEIG
CIVILIZATION_GERMANY;TXT_KEY_CITY_NAME_HALLE
CIVILIZATION_GERMANY;TXT_KEY_CITY_NAME_MONCHENGLADBACH
CIVILIZATION_GERMANY;TXT_KEY_CITY_NAME_KIEL
CIVILIZATION_GERMANY;TXT_KEY_CITY_NAME_WUPPERTAL
CIVILIZATION_GERMANY;TXT_KEY_CITY_NAME_FREIBURG
CIVILIZATION_GERMANY;TXT_KEY_CITY_NAME_HAGEN
CIVILIZATION_GERMANY;TXT_KEY_CITY_NAME_ERFURT
CIVILIZATION_GERMANY;TXT_KEY_CITY_NAME_KASSEL
CIVILIZATION_GERMANY;TXT_KEY_CITY_NAME_OBERHAUSEN
CIVILIZATION_GERMANY;TXT_KEY_CITY_NAME_HAMM
CIVILIZATION_GERMANY;TXT_KEY_CITY_NAME_SAARBRUCKEN
CIVILIZATION_GERMANY;TXT_KEY_CITY_NAME_KREFELD
CIVILIZATION_GERMANY;TXT_KEY_CITY_NAME_POTSDAM
CIVILIZATION_GERMANY;TXT_KEY_CITY_NAME_SOLINGEN
CIVILIZATION_GERMANY;TXT_KEY_CITY_NAME_OSNABRUCK
CIVILIZATION_GERMANY;TXT_KEY_CITY_NAME_LUDWIGSHAFEN
CIVILIZATION_GERMANY;TXT_KEY_CITY_NAME_LEVERKUSEN
CIVILIZATION_GERMANY;TXT_KEY_CITY_NAME_OLDENBURG
CIVILIZATION_GERMANY;TXT_KEY_CITY_NAME_NEUSS
CIVILIZATION_GERMANY;TXT_KEY_CITY_NAME_MULHEIM
CIVILIZATION_GERMANY;TXT_KEY_CITY_NAME_DARMSTADT
CIVILIZATION_GERMANY;TXT_KEY_CITY_NAME_HERNE
CIVILIZATION_GERMANY;TXT_KEY_CITY_NAME_WURZBURG
CIVILIZATION_GERMANY;TXT_KEY_CITY_NAME_RECKLINGHAUSEN
CIVILIZATION_GERMANY;TXT_KEY_CITY_NAME_GOTTINGEN
CIVILIZATION_GERMANY;TXT_KEY_CITY_NAME_WOLFSBURG
CIVILIZATION_GERMANY;TXT_KEY_CITY_NAME_KOBLENZ
CIVILIZATION_GERMANY;TXT_KEY_CITY_NAME_HILDESHEIM
CIVILIZATION_GERMANY;TXT_KEY_CITY_NAME_ERLANGEN
CIVILIZATION_GREECE;TXT_KEY_CITY_NAME_ATHENS
CIVILIZATION_GREECE;TXT_KEY_CITY_NAME_SPARTA
CIVILIZATION_GREECE;TXT_KEY_CITY_NAME_CORINTH
CIVILIZATION_GREECE;TXT_KEY_CITY_NAME_ARGOS
CIVILIZATION_GREECE;TXT_KEY_CITY_NAME_KNOSSOS
CIVILIZATION_GREECE;TXT_KEY_CITY_NAME_MYCENAE
CIVILIZATION_GREECE;TXT_KEY_CITY_NAME_PHARSALOS
CIVILIZATION_GREECE;TXT_KEY_CITY_NAME_EPHESUS
CIVILIZATION_GREECE;TXT_KEY_CITY_NAME_HALICARNASSUS
CIVILIZATION_GREECE;TXT_KEY_CITY_NAME_RHODES
CIVILIZATION_GREECE;TXT_KEY_CITY_NAME_ERETRIA
CIVILIZATION_GREECE;TXT_KEY_CITY_NAME_PERGAMON
CIVILIZATION_GREECE;TXT_KEY_CITY_NAME_MILETOS
CIVILIZATION_GREECE;TXT_KEY_CITY_NAME_MEGARA
CIVILIZATION_GREECE;TXT_KEY_CITY_NAME_PHOCAEA
CIVILIZATION_GREECE;TXT_KEY_CITY_NAME_SICYON
CIVILIZATION_GREECE;TXT_KEY_CITY_NAME_TIRYNS
CIVILIZATION_GREECE;TXT_KEY_CITY_NAME_SAMOS
CIVILIZATION_GREECE;TXT_KEY_CITY_NAME_MYTILENE
CIVILIZATION_GREECE;TXT_KEY_CITY_NAME_CHIOS
CIVILIZATION_GREECE;TXT_KEY_CITY_NAME_PAROS
CIVILIZATION_GREECE;TXT_KEY_CITY_NAME_TEGEA
CIVILIZATION_GREECE;TXT_KEY_CITY_NAME_ELIS
CIVILIZATION_GREECE;TXT_KEY_CITY_NAME_SYRACUSE
CIVILIZATION_GREECE;TXT_KEY_CITY_NAME_HERAKLEIA
CIVILIZATION_GREECE;TXT_KEY_CITY_NAME_GORTYN
CIVILIZATION_GREECE;TXT_KEY_CITY_NAME_CHALKIS
CIVILIZATION_GREECE;TXT_KEY_CITY_NAME_PYLOS
CIVILIZATION_GREECE;TXT_KEY_CITY_NAME_PELLA
CIVILIZATION_GREECE;TXT_KEY_CITY_NAME_NAXOS
CIVILIZATION_GREECE;TXT_KEY_CITY_NAME_SICYON
CIVILIZATION_GREECE;TXT_KEY_CITY_NAME_SMYRNA
CIVILIZATION_GREECE;TXT_KEY_CITY_NAME_LARISSA
CIVILIZATION_GREECE;TXT_KEY_CITY_NAME_APOLLONIA
CIVILIZATION_GREECE;TXT_KEY_CITY_NAME_MESSENE
CIVILIZATION_GREECE;TXT_KEY_CITY_NAME_ORCHOMENOS
CIVILIZATION_GREECE;TXT_KEY_CITY_NAME_AMBRACIA
CIVILIZATION_GREECE;TXT_KEY_CITY_NAME_KOS
CIVILIZATION_GREECE;TXT_KEY_CITY_NAME_KNIDOS
CIVILIZATION_GREECE;TXT_KEY_CITY_NAME_AMPHIPOLIS
CIVILIZATION_GREECE;TXT_KEY_CITY_NAME_PATRAS
CIVILIZATION_GREECE;TXT_KEY_CITY_NAME_LAMIA
CIVILIZATION_GREECE;TXT_KEY_CITY_NAME_NAFPLION
CIVILIZATION_GREECE;TXT_KEY_CITY_NAME_APOLYTON
CIVILIZATION_INDIA;TXT_KEY_CITY_NAME_DELHI
CIVILIZATION_INDIA;TXT_KEY_CITY_NAME_MUMBAI
CIVILIZATION_INDIA;TXT_KEY_CITY_NAME_VIJAYANAGARA
CIVILIZATION_INDIA;TXT_KEY_CITY_NAME_PATALIPUTRA
CIVILIZATION_INDIA;TXT_KEY_CITY_NAME_VARANASI
CIVILIZATION_INDIA;TXT_KEY_CITY_NAME_AGRA
CIVILIZATION_INDIA;TXT_KEY_CITY_NAME_CALCUTTA
CIVILIZATION_INDIA;TXT_KEY_CITY_NAME_LAHORE
CIVILIZATION_INDIA;TXT_KEY_CITY_NAME_BANGALORE
CIVILIZATION_INDIA;TXT_KEY_CITY_NAME_HYDERABAD
CIVILIZATION_INDIA;TXT_KEY_CITY_NAME_MADURAI
CIVILIZATION_INDIA;TXT_KEY_CITY_NAME_AHMEDABAD
CIVILIZATION_INDIA;TXT_KEY_CITY_NAME_KOLHAPUR
CIVILIZATION_INDIA;TXT_KEY_CITY_NAME_PRAYAGA
CIVILIZATION_INDIA;TXT_KEY_CITY_NAME_AYODHYA
CIVILIZATION_INDIA;TXT_KEY_CITY_NAME_INDRAPRASTHA
CIVILIZATION_INDIA;TXT_KEY_CITY_NAME_MATHURA
CIVILIZATION_INDIA;TXT_KEY_CITY_NAME_UJJAIN
CIVILIZATION_INDIA;TXT_KEY_CITY_NAME_GULBARGA
CIVILIZATION_INDIA;TXT_KEY_CITY_NAME_JAUNPUR
CIVILIZATION_INDIA;TXT_KEY_CITY_NAME_RAJAGRIHA
CIVILIZATION_INDIA;TXT_KEY_CITY_NAME_SRAVASTI
CIVILIZATION_INDIA;TXT_KEY_CITY_NAME_TIRUCHIRAPALLI
CIVILIZATION_INDIA;TXT_KEY_CITY_NAME_THANJAVUR
CIVILIZATION_INDIA;TXT_KEY_CITY_NAME_BODHGAYA
CIVILIZATION_INDIA;TXT_KEY_CITY_NAME_KUSHINAGAR
CIVILIZATION_INDIA;TXT_KEY_CITY_NAME_AMARAVATI
CIVILIZATION_INDIA;TXT_KEY_CITY_NAME_GAUR
CIVILIZATION_INDIA;TXT_KEY_CITY_NAME_GWALIOR
CIVILIZATION_INDIA;TXT_KEY_CITY_NAME_JAIPUR
CIVILIZATION_INDIA;TXT_KEY_CITY_NAME_KARACHI
CIVILIZATION_IROQUOIS;TXT_KEY_IROQ_CITY_NAME_ONONDAGA
CIVILIZATION_IROQUOIS;TXT_KEY_IROQ_CITY_NAME_OSININKA
CIVILIZATION_IROQUOIS;TXT_KEY_IROQ_CITY_NAME_GRAND_RIVER
CIVILIZATION_IROQUOIS;TXT_KEY_IROQ_CITY_NAME_AKWESASNE
CIVILIZATION_IROQUOIS;TXT_KEY_IROQ_CITY_NAME_BUFFALO_CREEK
CIVILIZATION_IROQUOIS;TXT_KEY_IROQ_CITY_NAME_BRANTFORD
CIVILIZATION_IROQUOIS;TXT_KEY_IROQ_CITY_NAME_MONTREAL
CIVILIZATION_IROQUOIS;TXT_KEY_IROQ_CITY_NAME_GENESSE_RIVER
CIVILIZATION_IROQUOIS;TXT_KEY_IROQ_CITY_NAME_CANANDAIGUA_LAKE
CIVILIZATION_IROQUOIS;TXT_KEY_IROQ_CITY_NAME_LAKE_SIMCOE
CIVILIZATION_IROQUOIS;TXT_KEY_IROQ_CITY_NAME_GRAND_RIVER
CIVILIZATION_IROQUOIS;TXT_KEY_IROQ_CITY_NAME_SALAMANCA
CIVILIZATION_IROQUOIS;TXT_KEY_IROQ_CITY_NAME_GOWANDA
CIVILIZATION_IROQUOIS;TXT_KEY_IROQ_CITY_NAME_BUFFALO
CIVILIZATION_IROQUOIS;TXT_KEY_IROQ_CITY_NAME_CUBA
CIVILIZATION_IROQUOIS;TXT_KEY_IROQ_CITY_NAME_AKRON
CIVILIZATION_IROQUOIS;TXT_KEY_IROQ_CITY_NAME_KANESATAKE
CIVILIZATION_IROQUOIS;TXT_KEY_IROQ_CITY_NAME_GANIENKEH
CIVILIZATION_IROQUOIS;TXT_KEY_IROQ_CITY_NAME_CAYUGA_CASTLE
CIVILIZATION_IROQUOIS;TXT_KEY_IROQ_CITY_NAME_CHONDOTE
CIVILIZATION_IROQUOIS;TXT_KEY_IROQ_CITY_NAME_CANAJOHARIE
CIVILIZATION_IROQUOIS;TXT_KEY_IROQ_CITY_NAME_NEDROW
CIVILIZATION_IROQUOIS;TXT_KEY_IROQ_CITY_NAME_SYRACUSE
CIVILIZATION_IROQUOIS;TXT_KEY_IROQ_CITY_NAME_ONEIDA_LAKE
CIVILIZATION_IROQUOIS;TXT_KEY_IROQ_CITY_NAME_KANONWALOHALE
CIVILIZATION_IROQUOIS;TXT_KEY_IROQ_CITY_NAME_GREEN_BAY
CIVILIZATION_IROQUOIS;TXT_KEY_IROQ_CITY_NAME_SOUTHWOLD
CIVILIZATION_IROQUOIS;TXT_KEY_IROQ_CITY_NAME_MOHAWK_VALLEY
CIVILIZATION_IROQUOIS;TXT_KEY_IROQ_CITY_NAME_SCHOHARIE
CIVILIZATION_IROQUOIS;TXT_KEY_IROQ_CITY_NAME_BAY_OF_QUINTE
CIVILIZATION_IROQUOIS;TXT_KEY_IROQ_CITY_NAME_KANAWALE
CIVILIZATION_IROQUOIS;TXT_KEY_IROQ_CITY_NAME_KANATSIOKAREKE
CIVILIZATION_IROQUOIS;TXT_KEY_IROQ_CITY_NAME_TYENDINAGA
CIVILIZATION_IROQUOIS;TXT_KEY_IROQ_CITY_NAME_HAHTA
CIVILIZATION_JAPAN;TXT_KEY_CITY_NAME_KYOTO
CIVILIZATION_JAPAN;TXT_KEY_CITY_NAME_OSAKA
CIVILIZATION_JAPAN;TXT_KEY_CITY_NAME_TOKYO
CIVILIZATION_JAPAN;TXT_KEY_CITY_NAME_SATSUMA
CIVILIZATION_JAPAN;TXT_KEY_CITY_NAME_KAGOSHIMA
CIVILIZATION_JAPAN;TXT_KEY_CITY_NAME_NARA
CIVILIZATION_JAPAN;TXT_KEY_CITY_NAME_NAGOYA
CIVILIZATION_JAPAN;TXT_KEY_CITY_NAME_IZUMO
CIVILIZATION_JAPAN;TXT_KEY_CITY_NAME_NAGASAKI
CIVILIZATION_JAPAN;TXT_KEY_CITY_NAME_YOKOHAMA
CIVILIZATION_JAPAN;TXT_KEY_CITY_NAME_SHIMONOSEKI
CIVILIZATION_JAPAN;TXT_KEY_CITY_NAME_MATSUYAMA
CIVILIZATION_JAPAN;TXT_KEY_CITY_NAME_SAPPORO
CIVILIZATION_JAPAN;TXT_KEY_CITY_NAME_HAKODATE
CIVILIZATION_JAPAN;TXT_KEY_CITY_NAME_ISE
CIVILIZATION_JAPAN;TXT_KEY_CITY_NAME_TOYAMA
CIVILIZATION_JAPAN;TXT_KEY_CITY_NAME_FUKUSHIMA
CIVILIZATION_JAPAN;TXT_KEY_CITY_NAME_SUO
CIVILIZATION_JAPAN;TXT_KEY_CITY_NAME_BIZEN
CIVILIZATION_JAPAN;TXT_KEY_CITY_NAME_ECHIZEN
CIVILIZATION_JAPAN;TXT_KEY_CITY_NAME_IZUMI
CIVILIZATION_JAPAN;TXT_KEY_CITY_NAME_OMI
CIVILIZATION_JAPAN;TXT_KEY_CITY_NAME_ECHIGO
CIVILIZATION_JAPAN;TXT_KEY_CITY_NAME_KOZUKE
CIVILIZATION_JAPAN;TXT_KEY_CITY_NAME_SADO
CIVILIZATION_JAPAN;TXT_KEY_CITY_NAME_KOBE
CIVILIZATION_JAPAN;TXT_KEY_CITY_NAME_NAGANO
CIVILIZATION_JAPAN;TXT_KEY_CITY_NAME_HIROSHIMA
CIVILIZATION_JAPAN;TXT_KEY_CITY_NAME_TAKAYAMA
CIVILIZATION_JAPAN;TXT_KEY_CITY_NAME_AKITA
CIVILIZATION_JAPAN;TXT_KEY_CITY_NAME_FUKUOKA
CIVILIZATION_JAPAN;TXT_KEY_CITY_NAME_AOMORI
CIVILIZATION_JAPAN;TXT_KEY_CITY_NAME_KAMAKURO
CIVILIZATION_JAPAN;TXT_KEY_CITY_NAME_KOCHI
CIVILIZATION_JAPAN;TXT_KEY_CITY_NAME_NAHA
CIVILIZATION_OTTOMAN;TXT_KEY_CITY_NAME_ISTANBUL
CIVILIZATION_OTTOMAN;TXT_KEY_CITY_NAME_EDIRNE
CIVILIZATION_OTTOMAN;TXT_KEY_CITY_NAME_ANKARA
CIVILIZATION_OTTOMAN;TXT_KEY_CITY_NAME_BURSA
CIVILIZATION_OTTOMAN;TXT_KEY_CITY_NAME_KONYA
CIVILIZATION_OTTOMAN;TXT_KEY_CITY_NAME_SAMSUN
CIVILIZATION_OTTOMAN;TXT_KEY_CITY_NAME_GAZIANTEP
CIVILIZATION_OTTOMAN;TXT_KEY_CITY_NAME_DIYARBAKIR
CIVILIZATION_OTTOMAN;TXT_KEY_CITY_NAME_IZMIR
CIVILIZATION_OTTOMAN;TXT_KEY_CITY_NAME_KAYSERI
CIVILIZATION_OTTOMAN;TXT_KEY_CITY_NAME_MALATYA
CIVILIZATION_OTTOMAN;TXT_KEY_CITY_NAME_MARSIN
CIVILIZATION_OTTOMAN;TXT_KEY_CITY_NAME_ANTALYA
CIVILIZATION_OTTOMAN;TXT_KEY_CITY_NAME_ZONGULDAK
CIVILIZATION_OTTOMAN;TXT_KEY_CITY_NAME_DENIZLI
CIVILIZATION_OTTOMAN;TXT_KEY_CITY_NAME_OIDU
CIVILIZATION_OTTOMAN;TXT_KEY_CITY_NAME_MUGLA
CIVILIZATION_OTTOMAN;TXT_KEY_CITY_NAME_ESKISEHIR
CIVILIZATION_OTTOMAN;TXT_KEY_CITY_NAME_INEBOLU
CIVILIZATION_OTTOMAN;TXT_KEY_CITY_NAME_SINOP
CIVILIZATION_OTTOMAN;TXT_KEY_CITY_NAME_ADANA
CIVILIZATION_OTTOMAN;TXT_KEY_CITY_NAME_TARSUS
CIVILIZATION_OTTOMAN;TXT_KEY_CITY_NAME_ARTUIN
CIVILIZATION_OTTOMAN;TXT_KEY_CITY_NAME_BODRUM
CIVILIZATION_OTTOMAN;TXT_KEY_CITY_NAME_EREGLI
CIVILIZATION_OTTOMAN;TXT_KEY_CITY_NAME_SILIFKE
CIVILIZATION_OTTOMAN;TXT_KEY_CITY_NAME_SIVAS
CIVILIZATION_OTTOMAN;TXT_KEY_CITY_NAME_AMASYA
CIVILIZATION_OTTOMAN;TXT_KEY_CITY_NAME_MARMARIS
CIVILIZATION_OTTOMAN;TXT_KEY_CITY_NAME_TRABZON
CIVILIZATION_OTTOMAN;TXT_KEY_CITY_NAME_ERZURUM
CIVILIZATION_OTTOMAN;TXT_KEY_CITY_NAME_URFA
CIVILIZATION_OTTOMAN;TXT_KEY_CITY_NAME_IZMIT
CIVILIZATION_OTTOMAN;TXT_KEY_CITY_NAME_AFYON
CIVILIZATION_OTTOMAN;TXT_KEY_CITY_NAME_BITLIS
CIVILIZATION_OTTOMAN;TXT_KEY_CITY_NAME_MARMARIS
CIVILIZATION_PERSIA;TXT_KEY_CITY_NAME_PERSEPOLIS
CIVILIZATION_PERSIA;TXT_KEY_CITY_NAME_PASARGADAE
CIVILIZATION_PERSIA;TXT_KEY_CITY_NAME_SUSA
CIVILIZATION_PERSIA;TXT_KEY_CITY_NAME_ECBATANA
CIVILIZATION_PERSIA;TXT_KEY_CITY_NAME_TARSUS
CIVILIZATION_PERSIA;TXT_KEY_CITY_NAME_GORDIUM
CIVILIZATION_PERSIA;TXT_KEY_CITY_NAME_BACTRA
CIVILIZATION_PERSIA;TXT_KEY_CITY_NAME_SARDIS
CIVILIZATION_PERSIA;TXT_KEY_CITY_NAME_ERGILI
CIVILIZATION_PERSIA;TXT_KEY_CITY_NAME_DARIUSHKABIR
CIVILIZATION_PERSIA;TXT_KEY_CITY_NAME_GHULAMAN
CIVILIZATION_PERSIA;TXT_KEY_CITY_NAME_ZOHAK
CIVILIZATION_PERSIA;TXT_KEY_CITY_NAME_ISTAKHR
CIVILIZATION_PERSIA;TXT_KEY_CITY_NAME_JINJAN
CIVILIZATION_PERSIA;TXT_KEY_CITY_NAME_BORAZJAN
CIVILIZATION_PERSIA;TXT_KEY_CITY_NAME_HERAT
CIVILIZATION_PERSIA;TXT_KEY_CITY_NAME_DAKYANUS
CIVILIZATION_PERSIA;TXT_KEY_CITY_NAME_BAMPUR
CIVILIZATION_PERSIA;TXT_KEY_CITY_NAME_TURENGTEPE
CIVILIZATION_PERSIA;TXT_KEY_CITY_NAME_REY
CIVILIZATION_PERSIA;TXT_KEY_CITY_NAME_SHIRAZ
CIVILIZATION_PERSIA;TXT_KEY_CITY_NAME_TUSHPA
CIVILIZATION_PERSIA;TXT_KEY_CITY_NAME_HASANLU
CIVILIZATION_PERSIA;TXT_KEY_CITY_NAME_GABAE
CIVILIZATION_PERSIA;TXT_KEY_CITY_NAME_MERV
CIVILIZATION_PERSIA;TXT_KEY_CITY_NAME_BEHISTUN
CIVILIZATION_PERSIA;TXT_KEY_CITY_NAME_KANDAHAR
CIVILIZATION_PERSIA;TXT_KEY_CITY_NAME_ALTINTEPE
CIVILIZATION_PERSIA;TXT_KEY_CITY_NAME_BUNYAN
CIVILIZATION_PERSIA;TXT_KEY_CITY_NAME_CHARSADDA
CIVILIZATION_PERSIA;TXT_KEY_CITY_NAME_URATYUBE
CIVILIZATION_PERSIA;TXT_KEY_CITY_NAME_DURAEUROPOS
CIVILIZATION_PERSIA;TXT_KEY_CITY_NAME_ALEPPO
CIVILIZATION_PERSIA;TXT_KEY_CITY_NAME_QATNA
CIVILIZATION_PERSIA;TXT_KEY_CITY_NAME_KABUL
CIVILIZATION_PERSIA;TXT_KEY_CITY_NAME_CAPISA
CIVILIZATION_PERSIA;TXT_KEY_CITY_NAME_KYRESKHATA
CIVILIZATION_PERSIA;TXT_KEY_CITY_NAME_MARAKANDA
CIVILIZATION_PERSIA;TXT_KEY_CITY_NAME_PESHAWAR
CIVILIZATION_PERSIA;TXT_KEY_CITY_NAME_VAN
CIVILIZATION_PERSIA;TXT_KEY_CITY_NAME_PTEIRA
CIVILIZATION_PERSIA;TXT_KEY_CITY_NAME_ARSHADA
CIVILIZATION_PERSIA;TXT_KEY_CITY_NAME_ARTAKOANA
CIVILIZATION_PERSIA;TXT_KEY_CITY_NAME_ASPABOTA
CIVILIZATION_PERSIA;TXT_KEY_CITY_NAME_AUTIYARA
CIVILIZATION_PERSIA;TXT_KEY_CITY_NAME_BAGASTANA
CIVILIZATION_PERSIA;TXT_KEY_CITY_NAME_BAXTRI
CIVILIZATION_PERSIA;TXT_KEY_CITY_NAME_DARMASA
CIVILIZATION_PERSIA;TXT_KEY_CITY_NAME_DAPHNAI
CIVILIZATION_PERSIA;TXT_KEY_CITY_NAME_DRAPSAKA
CIVILIZATION_PERSIA;TXT_KEY_CITY_NAME_EION
CIVILIZATION_PERSIA;TXT_KEY_CITY_NAME_GANDUTAVA
CIVILIZATION_PERSIA;TXT_KEY_CITY_NAME_GAUGAMELA
CIVILIZATION_PERSIA;TXT_KEY_CITY_NAME_HARMOZEIA
CIVILIZATION_PERSIA;TXT_KEY_CITY_NAME_EKATOMPYLOS
CIVILIZATION_PERSIA;TXT_KEY_CITY_NAME_IZATA
CIVILIZATION_PERSIA;TXT_KEY_CITY_NAME_KAMPADA
CIVILIZATION_PERSIA;TXT_KEY_CITY_NAME_KAPISA
CIVILIZATION_PERSIA;TXT_KEY_CITY_NAME_KARMANA
CIVILIZATION_PERSIA;TXT_KEY_CITY_NAME_KOUNAXA
CIVILIZATION_PERSIA;TXT_KEY_CITY_NAME_KUGANAKA
CIVILIZATION_PERSIA;TXT_KEY_CITY_NAME_NAUTAKA
CIVILIZATION_PERSIA;TXT_KEY_CITY_NAME_PAISHIYAUVADA
CIVILIZATION_PERSIA;TXT_KEY_CITY_NAME_PATIGRBANA
CIVILIZATION_PERSIA;TXT_KEY_CITY_NAME_PHRADA
CIVILIZATION_ROME;TXT_KEY_CITY_NAME_ROME
CIVILIZATION_ROME;TXT_KEY_CITY_NAME_ANTIUM
CIVILIZATION_ROME;TXT_KEY_CITY_NAME_CUMAE
CIVILIZATION_ROME;TXT_KEY_CITY_NAME_NEAPOLIS
CIVILIZATION_ROME;TXT_KEY_CITY_NAME_RAVENNA
CIVILIZATION_ROME;TXT_KEY_CITY_NAME_ARRETIUM
CIVILIZATION_ROME;TXT_KEY_CITY_NAME_MEDIOLANUM
CIVILIZATION_ROME;TXT_KEY_CITY_NAME_ARPINUM
CIVILIZATION_ROME;TXT_KEY_CITY_NAME_CIRCEI
CIVILIZATION_ROME;TXT_KEY_CITY_NAME_SETIA
CIVILIZATION_ROME;TXT_KEY_CITY_NAME_SATRICUM
CIVILIZATION_ROME;TXT_KEY_CITY_NAME_ARDEA
CIVILIZATION_ROME;TXT_KEY_CITY_NAME_OSTIA
CIVILIZATION_ROME;TXT_KEY_CITY_NAME_VELITRAE
CIVILIZATION_ROME;TXT_KEY_CITY_NAME_VIROCONIUM
CIVILIZATION_ROME;TXT_KEY_CITY_NAME_TARENTUM
CIVILIZATION_ROME;TXT_KEY_CITY_NAME_BRUNDISIUM
CIVILIZATION_ROME;TXT_KEY_CITY_NAME_CAESARAUGUSTA
CIVILIZATION_ROME;TXT_KEY_CITY_NAME_CAESAREA
CIVILIZATION_ROME;TXT_KEY_CITY_NAME_PALMYRA
CIVILIZATION_ROME;TXT_KEY_CITY_NAME_SIGNIA
CIVILIZATION_ROME;TXT_KEY_CITY_NAME_AQUILEIA
CIVILIZATION_ROME;TXT_KEY_CITY_NAME_CLUSIUM
CIVILIZATION_ROME;TXT_KEY_CITY_NAME_SUTRIUM
CIVILIZATION_ROME;TXT_KEY_CITY_NAME_CREMONA
CIVILIZATION_ROME;TXT_KEY_CITY_NAME_PLACENTIA
CIVILIZATION_ROME;TXT_KEY_CITY_NAME_HISPALIS
CIVILIZATION_ROME;TXT_KEY_CITY_NAME_ARTAXATA
CIVILIZATION_ROME;TXT_KEY_CITY_NAME_AURELIANORUM
CIVILIZATION_ROME;TXT_KEY_CITY_NAME_NICOPOLIS
CIVILIZATION_ROME;TXT_KEY_CITY_NAME_LONDINIUM
CIVILIZATION_ROME;TXT_KEY_CITY_NAME_EBURACUM
CIVILIZATION_ROME;TXT_KEY_CITY_NAME_GORDION
CIVILIZATION_ROME;TXT_KEY_CITY_NAME_AGRIPPINA
CIVILIZATION_ROME;TXT_KEY_CITY_NAME_LUGDUNUM
CIVILIZATION_ROME;TXT_KEY_CITY_NAME_VERONA
CIVILIZATION_ROME;TXT_KEY_CITY_NAME_CORFINIUM
CIVILIZATION_ROME;TXT_KEY_CITY_NAME_TREVERI
CIVILIZATION_ROME;TXT_KEY_CITY_NAME_SIRMIUM
CIVILIZATION_ROME;TXT_KEY_CITY_NAME_AUGUSTADORUM
CIVILIZATION_ROME;TXT_KEY_CITY_NAME_BAGACUM
CIVILIZATION_ROME;TXT_KEY_CITY_NAME_LAURIACUM
CIVILIZATION_ROME;TXT_KEY_CITY_NAME_TEURNIA
CIVILIZATION_ROME;TXT_KEY_CITY_NAME_CURIA
CIVILIZATION_ROME;TXT_KEY_CITY_NAME_FREGELLAE
CIVILIZATION_ROME;TXT_KEY_CITY_NAME_ALBAFUCENS
CIVILIZATION_ROME;TXT_KEY_CITY_NAME_SORA
CIVILIZATION_ROME;TXT_KEY_CITY_NAME_INTERRAMA
CIVILIZATION_ROME;TXT_KEY_CITY_NAME_SUESSA
CIVILIZATION_ROME;TXT_KEY_CITY_NAME_SATICULA
CIVILIZATION_ROME;TXT_KEY_CITY_NAME_LUCERIA
CIVILIZATION_ROME;TXT_KEY_CITY_NAME_ARMINIUM
CIVILIZATION_ROME;TXT_KEY_CITY_NAME_SENAGALLICA
CIVILIZATION_ROME;TXT_KEY_CITY_NAME_CASTRUMNOVUM
CIVILIZATION_ROME;TXT_KEY_CITY_NAME_HADRIA
CIVILIZATION_RUSSIA;TXT_KEY_CITY_NAME_MOSCOW
CIVILIZATION_RUSSIA;TXT_KEY_CITY_NAME_STPETERSBURG
CIVILIZATION_RUSSIA;TXT_KEY_CITY_NAME_NOVGOROD
CIVILIZATION_RUSSIA;TXT_KEY_CITY_NAME_ROSTOV
CIVILIZATION_RUSSIA;TXT_KEY_CITY_NAME_YAROSLAVI
CIVILIZATION_RUSSIA;TXT_KEY_CITY_NAME_YEKATERINBURG
CIVILIZATION_RUSSIA;TXT_KEY_CITY_NAME_YAKUTSK
CIVILIZATION_RUSSIA;TXT_KEY_CITY_NAME_VLADIVOSTOK
CIVILIZATION_RUSSIA;TXT_KEY_CITY_NAME_SMOLENSK
CIVILIZATION_RUSSIA;TXT_KEY_CITY_NAME_ORENBURG
CIVILIZATION_RUSSIA;TXT_KEY_CITY_NAME_KRASNOYARSK
CIVILIZATION_RUSSIA;TXT_KEY_CITY_NAME_KHABAROVSK
CIVILIZATION_RUSSIA;TXT_KEY_CITY_NAME_BRYANSK
CIVILIZATION_RUSSIA;TXT_KEY_CITY_NAME_TVER
CIVILIZATION_RUSSIA;TXT_KEY_CITY_NAME_NOVOSIBIRSK
CIVILIZATION_RUSSIA;TXT_KEY_CITY_NAME_MAGADAN
CIVILIZATION_RUSSIA;TXT_KEY_CITY_NAME_MURMANSK
CIVILIZATION_RUSSIA;TXT_KEY_CITY_NAME_IRKUSTK
CIVILIZATION_RUSSIA;TXT_KEY_CITY_NAME_CHITA
CIVILIZATION_RUSSIA;TXT_KEY_CITY_NAME_SAMARA
CIVILIZATION_RUSSIA;TXT_KEY_CITY_NAME_ARKHANGELSK
CIVILIZATION_RUSSIA;TXT_KEY_CITY_NAME_CHELYABINSK
CIVILIZATION_RUSSIA;TXT_KEY_CITY_NAME_TOBOLSK
CIVILIZATION_RUSSIA;TXT_KEY_CITY_NAME_VOLOGDA
CIVILIZATION_RUSSIA;TXT_KEY_CITY_NAME_OMSK
CIVILIZATION_RUSSIA;TXT_KEY_CITY_NAME_ASTRAKHAN
CIVILIZATION_RUSSIA;TXT_KEY_CITY_NAME_KURSK
CIVILIZATION_RUSSIA;TXT_KEY_CITY_NAME_SARATOV
CIVILIZATION_RUSSIA;TXT_KEY_CITY_NAME_TULA
CIVILIZATION_RUSSIA;TXT_KEY_CITY_NAME_VLADIMIR
CIVILIZATION_RUSSIA;TXT_KEY_CITY_NAME_PERM
CIVILIZATION_RUSSIA;TXT_KEY_CITY_NAME_VORONEZH
CIVILIZATION_RUSSIA;TXT_KEY_CITY_NAME_PSKOV
CIVILIZATION_RUSSIA;TXT_KEY_CITY_NAME_STARAYARUSSA
CIVILIZATION_RUSSIA;TXT_KEY_CITY_NAME_KOSTROMA
CIVILIZATION_RUSSIA;TXT_KEY_CITY_NAME_NIZHNIYNOVGOROD
CIVILIZATION_RUSSIA;TXT_KEY_CITY_NAME_SUZDAL
CIVILIZATION_RUSSIA;TXT_KEY_CITY_NAME_MAGNITOGORSK
CIVILIZATION_SIAM;TXT_KEY_SIAM_CITY_NAME_SUKHOTHAI
CIVILIZATION_SIAM;TXT_KEY_SIAM_CITY_NAME_SI_SATCHANALAI
CIVILIZATION_SIAM;TXT_KEY_SIAM_CITY_NAME_MUANG_SALUANG
CIVILIZATION_SIAM;TXT_KEY_SIAM_CITY_NAME_LAMPANG
CIVILIZATION_SIAM;TXT_KEY_SIAM_CITY_NAME_PHITSANULOK
CIVILIZATION_SIAM;TXT_KEY_SIAM_CITY_NAME_KAMPHAENG_PHET
CIVILIZATION_SIAM;TXT_KEY_SIAM_CITY_NAME_NAKHON_CHUM
CIVILIZATION_SIAM;TXT_KEY_SIAM_CITY_NAME_VIENTIANE
CIVILIZATION_SIAM;TXT_KEY_SIAM_CITY_NAME_NAKHON_SI_THAMMARAT
CIVILIZATION_SIAM;TXT_KEY_SIAM_CITY_NAME_MARTABAN
CIVILIZATION_SIAM;TXT_KEY_SIAM_CITY_NAME_NAKHON_SAWAN
CIVILIZATION_SIAM;TXT_KEY_SIAM_CITY_NAME_CHAINAT
CIVILIZATION_SIAM;TXT_KEY_SIAM_CITY_NAME_LUANG_PRABANG
CIVILIZATION_SIAM;TXT_KEY_SIAM_CITY_NAME_UTTARADIT
CIVILIZATION_SIAM;TXT_KEY_SIAM_CITY_NAME_CHIANG_THONG
CIVILIZATION_SIAM;TXT_KEY_SIAM_CITY_NAME_PHRAE
CIVILIZATION_SIAM;TXT_KEY_SIAM_CITY_NAME_NAN
CIVILIZATION_SIAM;TXT_KEY_SIAM_CITY_NAME_TAK
CIVILIZATION_SIAM;TXT_KEY_SIAM_CITY_NAME_SUPHANBURI
CIVILIZATION_SIAM;TXT_KEY_SIAM_CITY_NAME_HONGSAWADEE
CIVILIZATION_SIAM;TXT_KEY_SIAM_CITY_NAME_THAWAII
CIVILIZATION_SIAM;TXT_KEY_SIAM_CITY_NAME_AYUTTHAYA
CIVILIZATION_SIAM;TXT_KEY_SIAM_CITY_NAME_TAPHAN_HIN
CIVILIZATION_SIAM;TXT_KEY_SIAM_CITY_NAME_UTHAI_THANI
CIVILIZATION_SIAM;TXT_KEY_SIAM_CITY_NAME_LAP_BURI
CIVILIZATION_SIAM;TXT_KEY_SIAM_CITY_NAME_RATCHASIMA
CIVILIZATION_SIAM;TXT_KEY_SIAM_CITY_NAME_BAN_PHAI
CIVILIZATION_SIAM;TXT_KEY_SIAM_CITY_NAME_LOCI
CIVILIZATION_SIAM;TXT_KEY_SIAM_CITY_NAME_KHAN_KAEN
CIVILIZATION_SIAM;TXT_KEY_SIAM_CITY_NAME_SURIN
CIVILIZATION_SONGHAI;TXT_KEY_SONG_CITY_NAME_GAO
CIVILIZATION_SONGHAI;TXT_KEY_SONG_CITY_NAME_TOMBOUCTU
CIVILIZATION_SONGHAI;TXT_KEY_SONG_CITY_NAME_JENNE
CIVILIZATION_SONGHAI;TXT_KEY_SONG_CITY_NAME_TAGHAZA
CIVILIZATION_SONGHAI;TXT_KEY_SONG_CITY_NAME_TONDIBI
CIVILIZATION_SONGHAI;TXT_KEY_SONG_CITY_NAME_KUMBI_SALEH
CIVILIZATION_SONGHAI;TXT_KEY_SONG_CITY_NAME_KUKIA
CIVILIZATION_SONGHAI;TXT_KEY_SONG_CITY_NAME_WALATA
CIVILIZATION_SONGHAI;TXT_KEY_SONG_CITY_NAME_TEGDAOUST
CIVILIZATION_SONGHAI;TXT_KEY_SONG_CITY_NAME_ARGUNGU
CIVILIZATION_SONGHAI;TXT_KEY_SONG_CITY_NAME_GWANDU
CIVILIZATION_SONGHAI;TXT_KEY_SONG_CITY_NAME_KEBBI
CIVILIZATION_SONGHAI;TXT_KEY_SONG_CITY_NAME_BOUSSA
CIVILIZATION_SONGHAI;TXT_KEY_SONG_CITY_NAME_MOPTI
CIVILIZATION_SONGHAI;TXT_KEY_SONG_CITY_NAME_BAMAKO
CIVILIZATION_SONGHAI;TXT_KEY_SONG_CITY_NAME_WA
CIVILIZATION_SONGHAI;TXT_KEY_SONG_CITY_NAME_KAYES
CIVILIZATION_SONGHAI;TXT_KEY_SONG_CITY_NAME_AWDAGHOST
CIVILIZATION_SONGHAI;TXT_KEY_SONG_CITY_NAME_OUADANE
CIVILIZATION_SONGHAI;TXT_KEY_SONG_CITY_NAME_DAKAR
CIVILIZATION_SONGHAI;TXT_KEY_SONG_CITY_NAME_TADMEKKET
CIVILIZATION_SONGHAI;TXT_KEY_SONG_CITY_NAME_TEKEDDA
CIVILIZATION_SONGHAI;TXT_KEY_SONG_CITY_NAME_KANO
CIVILIZATION_SONGHAI;TXT_KEY_SONG_CITY_NAME_AGADEZ
CIVILIZATION_SONGHAI;TXT_KEY_SONG_CITY_NAME_NIAMEY
CIVILIZATION_SONGHAI;TXT_KEY_SONG_CITY_NAME_TORODI
CIVILIZATION_SONGHAI;TXT_KEY_SONG_CITY_NAME_OUATAGOUNA
CIVILIZATION_SONGHAI;TXT_KEY_SONG_CITY_NAME_DORI
CIVILIZATION_SONGHAI;TXT_KEY_SONG_CITY_NAME_BAMBA
CIVILIZATION_SONGHAI;TXT_KEY_SONG_CITY_NAME_SEGOU
CIVILIZATION_MINOR;TXT_KEY_CITY_NAME_CHEROKEE
CIVILIZATION_MINOR;TXT_KEY_CITY_NAME_ANASAZI
CIVILIZATION_MINOR;TXT_KEY_CITY_NAME_TEOIHUACAN
CIVILIZATION_MINOR;TXT_KEY_CITY_NAME_OLMEC
CIVILIZATION_MINOR;TXT_KEY_CITY_NAME_ZAPOTEC
CIVILIZATION_MINOR;TXT_KEY_CITY_NAME_CHINOOK
CIVILIZATION_MINOR;TXT_KEY_CITY_NAME_APACHE
CIVILIZATION_MINOR;TXT_KEY_CITY_NAME_CHEHALIS
CIVILIZATION_MINOR;TXT_KEY_CITY_NAME_ILLINOIS
CIVILIZATION_MINOR;TXT_KEY_CITY_NAME_NAVAJO
CIVILIZATION_MINOR;TXT_KEY_CITY_NAME_CARIB
CIVILIZATION_MINOR;TXT_KEY_CITY_NAME_SAXON
CIVILIZATION_MINOR;TXT_KEY_CITY_NAME_VANDAL
CIVILIZATION_MINOR;TXT_KEY_CITY_NAME_GOTH
CIVILIZATION_MINOR;TXT_KEY_CITY_NAME_ANGLE
CIVILIZATION_MINOR;TXT_KEY_CITY_NAME_MAGYAR
CIVILIZATION_MINOR;TXT_KEY_CITY_NAME_KHAZAK
CIVILIZATION_MINOR;TXT_KEY_CITY_NAME_BULGAR
CIVILIZATION_MINOR;TXT_KEY_CITY_NAME_ALEMANNI
CIVILIZATION_MINOR;TXT_KEY_CITY_NAME_BURGUNDIAN
CIVILIZATION_MINOR;TXT_KEY_CITY_NAME_GEPID
CIVILIZATION_MINOR;TXT_KEY_CITY_NAME_HUN
CIVILIZATION_MINOR;TXT_KEY_CITY_NAME_JUTE
CIVILIZATION_MINOR;TXT_KEY_CITY_NAME_PHEONICIAN
CIVILIZATION_MINOR;TXT_KEY_CITY_NAME_ESTRUSCAN
CIVILIZATION_MINOR;TXT_KEY_CITY_NAME_THRACIAN
CIVILIZATION_MINOR;TXT_KEY_CITY_NAME_PHRYGIAN
CIVILIZATION_MINOR;TXT_KEY_CITY_NAME_GAUL
CIVILIZATION_MINOR;TXT_KEY_CITY_NAME_MINOAN
CIVILIZATION_MINOR;TXT_KEY_CITY_NAME_MYCENIAN
CIVILIZATION_MINOR;TXT_KEY_CITY_NAME_CIMMERIAN
CIVILIZATION_MINOR;TXT_KEY_CITY_NAME_LIGURIAN
CIVILIZATION_MINOR;TXT_KEY_CITY_NAME_NUMIDIAN
CIVILIZATION_MINOR;TXT_KEY_CITY_NAME_SARMATIAN
CIVILIZATION_MINOR;TXT_KEY_CITY_NAME_SCYTHIAN
CIVILIZATION_MINOR;TXT_KEY_CITY_NAME_VISIGOTH
CIVILIZATION_MINOR;TXT_KEY_CITY_NAME_ASSYRIAN
CIVILIZATION_MINOR;TXT_KEY_CITY_NAME_HITTITE
CIVILIZATION_MINOR;TXT_KEY_CITY_NAME_HARAPPAN
CIVILIZATION_MINOR;TXT_KEY_CITY_NAME_MAURYAN
CIVILIZATION_MINOR;TXT_KEY_CITY_NAME_PARTHIAN
CIVILIZATION_MINOR;TXT_KEY_CITY_NAME_HARAPPAN
CIVILIZATION_MINOR;TXT_KEY_CITY_NAME_NUBIAN
CIVILIZATION_MINOR;TXT_KEY_CITY_NAME_BACTRIAN
CIVILIZATION_MINOR;TXT_KEY_CITY_NAME_CIRCASSIAN
CIVILIZATION_MINOR;TXT_KEY_CITY_NAME_CUMAN
CIVILIZATION_MINOR;TXT_KEY_CITY_NAME_HURRIAN
CIVILIZATION_MINOR;TXT_KEY_CITY_NAME_KASSITE
CIVILIZATION_MINOR;TXT_KEY_CITY_NAME_BANTU
CIVILIZATION_MINOR;TXT_KEY_CITY_NAME_KHOISAN
CIVILIZATION_MINOR;TXT_KEY_CITY_NAME_LIBYAN
CIVILIZATION_MINOR;TXT_KEY_CITY_NAME_SHANGIAN
CIVILIZATION_MINOR;TXT_KEY_CITY_NAME_YAYOI
CIVILIZATION_MINOR;TXT_KEY_CITY_NAME_ZHOU
CIVILIZATION_MINOR;TXT_KEY_CITY_NAME_AINU
CIVILIZATION_MINOR;TXT_KEY_CITY_NAME_POLYNESIAN
CIVILIZATION_MINOR;TXT_KEY_CITY_NAME_ARYAN
CIVILIZATION_MINOR;TXT_KEY_CITY_NAME_AVAR
CIVILIZATION_MINOR;TXT_KEY_CITY_NAME_GHUZZ
CIVILIZATION_MINOR;TXT_KEY_CITY_NAME_HSUNGNU
CIVILIZATION_MINOR;TXT_KEY_CITY_NAME_KUSHANS
CIVILIZATION_MINOR;TXT_KEY_CITY_NAME_YUECHI
CIVILIZATION_MINOR;TXT_KEY_CITY_NAME_SAKAE
CIVILIZATION_MINOR;TXT_KEY_CITY_NAME_UZBEK
CIVILIZATION_MINOR;TXT_KEY_CITY_NAME_TARTAR
CIVILIZATION_BARBARIAN;TXT_KEY_CITY_NAME_CHEROKEE
CIVILIZATION_BARBARIAN;TXT_KEY_CITY_NAME_ANASAZI
CIVILIZATION_BARBARIAN;TXT_KEY_CITY_NAME_TEOIHUACAN
CIVILIZATION_BARBARIAN;TXT_KEY_CITY_NAME_OLMEC
CIVILIZATION_BARBARIAN;TXT_KEY_CITY_NAME_ZAPOTEC
CIVILIZATION_BARBARIAN;TXT_KEY_CITY_NAME_CHINOOK
CIVILIZATION_BARBARIAN;TXT_KEY_CITY_NAME_APACHE
CIVILIZATION_BARBARIAN;TXT_KEY_CITY_NAME_CHEHALIS
CIVILIZATION_BARBARIAN;TXT_KEY_CITY_NAME_ILLINOIS
CIVILIZATION_BARBARIAN;TXT_KEY_CITY_NAME_NAVAJO
CIVILIZATION_BARBARIAN;TXT_KEY_CITY_NAME_CARIB
CIVILIZATION_BARBARIAN;TXT_KEY_CITY_NAME_SAXON
CIVILIZATION_BARBARIAN;TXT_KEY_CITY_NAME_VANDAL
CIVILIZATION_BARBARIAN;TXT_KEY_CITY_NAME_GOTH
CIVILIZATION_BARBARIAN;TXT_KEY_CITY_NAME_ANGLE
CIVILIZATION_BARBARIAN;TXT_KEY_CITY_NAME_MAGYAR
CIVILIZATION_BARBARIAN;TXT_KEY_CITY_NAME_KHAZAK
CIVILIZATION_BARBARIAN;TXT_KEY_CITY_NAME_BULGAR
CIVILIZATION_BARBARIAN;TXT_KEY_CITY_NAME_ALEMANNI
CIVILIZATION_BARBARIAN;TXT_KEY_CITY_NAME_BURGUNDIAN
CIVILIZATION_BARBARIAN;TXT_KEY_CITY_NAME_GEPID
CIVILIZATION_BARBARIAN;TXT_KEY_CITY_NAME_HUN
CIVILIZATION_BARBARIAN;TXT_KEY_CITY_NAME_JUTE
CIVILIZATION_BARBARIAN;TXT_KEY_CITY_NAME_PHEONICIAN
CIVILIZATION_BARBARIAN;TXT_KEY_CITY_NAME_ESTRUSCAN
CIVILIZATION_BARBARIAN;TXT_KEY_CITY_NAME_THRACIAN
CIVILIZATION_BARBARIAN;TXT_KEY_CITY_NAME_PHRYGIAN
CIVILIZATION_BARBARIAN;TXT_KEY_CITY_NAME_GAUL
CIVILIZATION_BARBARIAN;TXT_KEY_CITY_NAME_MINOAN
CIVILIZATION_BARBARIAN;TXT_KEY_CITY_NAME_MYCENIAN
CIVILIZATION_BARBARIAN;TXT_KEY_CITY_NAME_CIMMERIAN
CIVILIZATION_BARBARIAN;TXT_KEY_CITY_NAME_LIGURIAN
CIVILIZATION_BARBARIAN;TXT_KEY_CITY_NAME_NUMIDIAN
CIVILIZATION_BARBARIAN;TXT_KEY_CITY_NAME_SARMATIAN
CIVILIZATION_BARBARIAN;TXT_KEY_CITY_NAME_SCYTHIAN
CIVILIZATION_BARBARIAN;TXT_KEY_CITY_NAME_VISIGOTH
CIVILIZATION_BARBARIAN;TXT_KEY_CITY_NAME_ASSYRIAN
CIVILIZATION_BARBARIAN;TXT_KEY_CITY_NAME_HITTITE
CIVILIZATION_BARBARIAN;TXT_KEY_CITY_NAME_HARAPPAN
CIVILIZATION_BARBARIAN;TXT_KEY_CITY_NAME_MAURYAN
CIVILIZATION_BARBARIAN;TXT_KEY_CITY_NAME_PARTHIAN
CIVILIZATION_BARBARIAN;TXT_KEY_CITY_NAME_HARAPPAN
CIVILIZATION_BARBARIAN;TXT_KEY_CITY_NAME_NUBIAN
CIVILIZATION_BARBARIAN;TXT_KEY_CITY_NAME_BACTRIAN
CIVILIZATION_BARBARIAN;TXT_KEY_CITY_NAME_CIRCASSIAN
CIVILIZATION_BARBARIAN;TXT_KEY_CITY_NAME_CUMAN
CIVILIZATION_BARBARIAN;TXT_KEY_CITY_NAME_HURRIAN
CIVILIZATION_BARBARIAN;TXT_KEY_CITY_NAME_KASSITE
CIVILIZATION_BARBARIAN;TXT_KEY_CITY_NAME_BANTU
CIVILIZATION_BARBARIAN;TXT_KEY_CITY_NAME_KHOISAN
CIVILIZATION_BARBARIAN;TXT_KEY_CITY_NAME_LIBYAN
CIVILIZATION_BARBARIAN;TXT_KEY_CITY_NAME_SHANGIAN
CIVILIZATION_BARBARIAN;TXT_KEY_CITY_NAME_YAYOI
CIVILIZATION_BARBARIAN;TXT_KEY_CITY_NAME_ZHOU
CIVILIZATION_BARBARIAN;TXT_KEY_CITY_NAME_AINU
CIVILIZATION_BARBARIAN;TXT_KEY_CITY_NAME_POLYNESIAN
CIVILIZATION_BARBARIAN;TXT_KEY_CITY_NAME_ARYAN
CIVILIZATION_BARBARIAN;TXT_KEY_CITY_NAME_AVAR
CIVILIZATION_BARBARIAN;TXT_KEY_CITY_NAME_GHUZZ
CIVILIZATION_BARBARIAN;TXT_KEY_CITY_NAME_HSUNGNU
CIVILIZATION_BARBARIAN;TXT_KEY_CITY_NAME_KUSHANS
CIVILIZATION_BARBARIAN;TXT_KEY_CITY_NAME_YUECHI
CIVILIZATION_BARBARIAN;TXT_KEY_CITY_NAME_SAKAE
CIVILIZATION_BARBARIAN;TXT_KEY_CITY_NAME_UZBEK
CIVILIZATION_BARBARIAN;TXT_KEY_CITY_NAME_TARTAR
CIVILIZATION_MONGOL;TXT_KEY_CITY_NAME_KARAKORUM
CIVILIZATION_MONGOL;TXT_KEY_CITY_NAME_BESHBALIK
CIVILIZATION_MONGOL;TXT_KEY_CITY_NAME_TURFAN
CIVILIZATION_MONGOL;TXT_KEY_CITY_NAME_HSIA
CIVILIZATION_MONGOL;TXT_KEY_CITY_NAME_OLDSARAI
CIVILIZATION_MONGOL;TXT_KEY_CITY_NAME_NEWSARAI
CIVILIZATION_MONGOL;TXT_KEY_CITY_NAME_TABRIZ
CIVILIZATION_MONGOL;TXT_KEY_CITY_NAME_TIFLIS
CIVILIZATION_MONGOL;TXT_KEY_CITY_NAME_OTRAR
CIVILIZATION_MONGOL;TXT_KEY_CITY_NAME_SANCHU
CIVILIZATION_MONGOL;TXT_KEY_CITY_NAME_KAZAN
CIVILIZATION_MONGOL;TXT_KEY_CITY_NAME_ALMARIKH
CIVILIZATION_MONGOL;TXT_KEY_CITY_NAME_ULAANBAATAR
CIVILIZATION_MONGOL;TXT_KEY_CITY_NAME_HOVD
CIVILIZATION_MONGOL;TXT_KEY_CITY_NAME_DARHAN
CIVILIZATION_MONGOL;TXT_KEY_CITY_NAME_DALANDZADGAD
CIVILIZATION_MONGOL;TXT_KEY_CITY_NAME_MANDALGOVI
CIVILIZATION_MONGOL;TXT_KEY_CITY_NAME_CHOYBALSAN
CIVILIZATION_MONGOL;TXT_KEY_CITY_NAME_ERDENET
CIVILIZATION_MONGOL;TXT_KEY_CITY_NAME_TSETSERLEG
CIVILIZATION_MONGOL;TXT_KEY_CITY_NAME_BARUUNURT
CIVILIZATION_MONGOL;TXT_KEY_CITY_NAME_EREEN
CIVILIZATION_MONGOL;TXT_KEY_CITY_NAME_BATSHIREET
CIVILIZATION_MONGOL;TXT_KEY_CITY_NAME_CHOYR
CIVILIZATION_MONGOL;TXT_KEY_CITY_NAME_ULAANGOM
CIVILIZATION_MONGOL;TXT_KEY_CITY_NAME_TOSONTSENGEL
CIVILIZATION_MONGOL;TXT_KEY_CITY_NAME_ATLAY
CIVILIZATION_MONGOL;TXT_KEY_CITY_NAME_ULIASTAY
CIVILIZATION_MONGOL;TXT_KEY_CITY_NAME_BAYANHONGOR
CIVILIZATION_MONGOL;TXT_KEY_CITY_NAME_HARAYRAG
CIVILIZATION_MONGOL;TXT_KEY_CITY_NAME_NALAYH
CIVILIZATION_MONGOL;TXT_KEY_CITY_NAME_TES
CIVILIZATION_INCA;TXT_KEY_CITY_NAME_CUSCO
CIVILIZATION_INCA;TXT_KEY_CITY_NAME_TIWANAKU
CIVILIZATION_INCA;TXT_KEY_CITY_NAME_MACHU
CIVILIZATION_INCA;TXT_KEY_CITY_NAME_OLLANTAYTAMBO
CIVILIZATION_INCA;TXT_KEY_CITY_NAME_CORIHUAYACHINA
CIVILIZATION_INCA;TXT_KEY_CITY_NAME_HUAMANGA
CIVILIZATION_INCA;TXT_KEY_CITY_NAME_VILCAS
CIVILIZATION_INCA;TXT_KEY_CITY_NAME_VILCABAMBA
CIVILIZATION_INCA;TXT_KEY_CITY_NAME_VITCOS
CIVILIZATION_INCA;TXT_KEY_CITY_NAME_ANDAHUAYLAS
CIVILIZATION_INCA;TXT_KEY_CITY_NAME_ICA
CIVILIZATION_INCA;TXT_KEY_CITY_NAME_AREQUIPA
CIVILIZATION_INCA;TXT_KEY_CITY_NAME_NASCA
CIVILIZATION_INCA;TXT_KEY_CITY_NAME_ATICO
CIVILIZATION_INCA;TXT_KEY_CITY_NAME_JULI
CIVILIZATION_INCA;TXT_KEY_CITY_NAME_CHUITO
CIVILIZATION_INCA;TXT_KEY_CITY_NAME_CHUQUIAPO
CIVILIZATION_INCA;TXT_KEY_CITY_NAME_HUANUCOPAMPA
CIVILIZATION_INCA;TXT_KEY_CITY_NAME_TAMBOCCOCHA
CIVILIZATION_INCA;TXT_KEY_CITY_NAME_HUARAS
CIVILIZATION_INCA;TXT_KEY_CITY_NAME_RIOBAMBA
CIVILIZATION_INCA;TXT_KEY_CITY_NAME_CAXAMALCA
CIVILIZATION_INCA;TXT_KEY_CITY_NAME_SAUSA
CIVILIZATION_INCA;TXT_KEY_CITY_NAME_TAMBOCOLORADO
CIVILIZATION_INCA;TXT_KEY_CITY_NAME_HUACA
CIVILIZATION_INCA;TXT_KEY_CITY_NAME_TUMBES
CIVILIZATION_INCA;TXT_KEY_CITY_NAME_CHAN_CHAN
CIVILIZATION_INCA;TXT_KEY_CITY_NAME_SIPAN
CIVILIZATION_INCA;TXT_KEY_CITY_NAME_PACHACAMAC
CIVILIZATION_INCA;TXT_KEY_CITY_NAME_LLACTAPATA
CIVILIZATION_INCA;TXT_KEY_CITY_NAME_PISAC
CIVILIZATION_INCA;TXT_KEY_CITY_NAME_KUELAP
CIVILIZATION_INCA;TXT_KEY_CITY_NAME_PAJATEN
CIVILIZATION_INCA;TXT_KEY_CITY_NAME_CHUCUITO
CIVILIZATION_POLYNESIA;TXT_KEY_CITY_NAME_HONOLULU
CIVILIZATION_POLYNESIA;TXT_KEY_CITY_NAME_SAMOA
CIVILIZATION_POLYNESIA;TXT_KEY_CITY_NAME_TONGA
CIVILIZATION_POLYNESIA;TXT_KEY_CITY_NAME_NUKUHIVA
CIVILIZATION_POLYNESIA;TXT_KEY_CITY_NAME_RAIATEA
CIVILIZATION_POLYNESIA;TXT_KEY_CITY_NAME_AOTEAROA
CIVILIZATION_POLYNESIA;TXT_KEY_CITY_NAME_TAHITI
CIVILIZATION_POLYNESIA;TXT_KEY_CITY_NAME_HILO
CIVILIZATION_POLYNESIA;TXT_KEY_CITY_NAME_TEWAIPOUNAMU
CIVILIZATION_POLYNESIA;TXT_KEY_CITY_NAME_RAPANUI
CIVILIZATION_POLYNESIA;TXT_KEY_CITY_NAME_TUAMOTU
CIVILIZATION_POLYNESIA;TXT_KEY_CITY_NAME_RAROTONGA
CIVILIZATION_POLYNESIA;TXT_KEY_CITY_NAME_TUVALU
CIVILIZATION_POLYNESIA;TXT_KEY_CITY_NAME_TUBUAI
CIVILIZATION_POLYNESIA;TXT_KEY_CITY_NAME_MANGAREVA
CIVILIZATION_POLYNESIA;TXT_KEY_CITY_NAME_OAHU
CIVILIZATION_POLYNESIA;TXT_KEY_CITY_NAME_KIRITIMATI
CIVILIZATION_POLYNESIA;TXT_KEY_CITY_NAME_ONTONGJAVA
CIVILIZATION_POLYNESIA;TXT_KEY_CITY_NAME_NIUE
CIVILIZATION_POLYNESIA;TXT_KEY_CITY_NAME_REKOHU
CIVILIZATION_POLYNESIA;TXT_KEY_CITY_NAME_RAKAHANGA
CIVILIZATION_POLYNESIA;TXT_KEY_CITY_NAME_BORA_BORA
CIVILIZATION_POLYNESIA;TXT_KEY_CITY_NAME_KAILUA
CIVILIZATION_POLYNESIA;TXT_KEY_CITY_NAME_UVEA
CIVILIZATION_POLYNESIA;TXT_KEY_CITY_NAME_FUTUNA
CIVILIZATION_POLYNESIA;TXT_KEY_CITY_NAME_ROTUMA
CIVILIZATION_POLYNESIA;TXT_KEY_CITY_NAME_TOKELAU
CIVILIZATION_POLYNESIA;TXT_KEY_CITY_NAME_LAHAINA
CIVILIZATION_POLYNESIA;TXT_KEY_CITY_NAME_BELLONA
CIVILIZATION_POLYNESIA;TXT_KEY_CITY_NAME_MUNGAVA
CIVILIZATION_POLYNESIA;TXT_KEY_CITY_NAME_TIKOPIA
CIVILIZATION_POLYNESIA;TXT_KEY_CITY_NAME_EMAE
CIVILIZATION_POLYNESIA;TXT_KEY_CITY_NAME_KAPINGAMARANGI
CIVILIZATION_POLYNESIA;TXT_KEY_CITY_NAME_TAKUU
CIVILIZATION_POLYNESIA;TXT_KEY_CITY_NAME_NUKUORO
CIVILIZATION_POLYNESIA;TXT_KEY_CITY_NAME_SIKAIANA
CIVILIZATION_POLYNESIA;TXT_KEY_CITY_NAME_ANUTA
CIVILIZATION_POLYNESIA;TXT_KEY_CITY_NAME_NUGURIA
CIVILIZATION_POLYNESIA;TXT_KEY_CITY_NAME_PILENI
CIVILIZATION_POLYNESIA;TXT_KEY_CITY_NAME_NUKUMANU
CIVILIZATION_DENMARK;TXT_KEY_CITY_NAME_COPENHAGEN
CIVILIZATION_DENMARK;TXT_KEY_CITY_NAME_AARHUS
CIVILIZATION_DENMARK;TXT_KEY_CITY_NAME_KAUPANG
CIVILIZATION_DENMARK;TXT_KEY_CITY_NAME_RIBE
CIVILIZATION_DENMARK;TXT_KEY_CITY_NAME_VIBORG
CIVILIZATION_DENMARK;TXT_KEY_CITY_NAME_TONSBERG
CIVILIZATION_DENMARK;TXT_KEY_CITY_NAME_ROSKILDE
CIVILIZATION_DENMARK;TXT_KEY_CITY_NAME_HEDEBY
CIVILIZATION_DENMARK;TXT_KEY_CITY_NAME_OSLO
CIVILIZATION_DENMARK;TXT_KEY_CITY_NAME_JELLING
CIVILIZATION_DENMARK;TXT_KEY_CITY_NAME_TRUSO
CIVILIZATION_DENMARK;TXT_KEY_CITY_NAME_BERGEN
CIVILIZATION_DENMARK;TXT_KEY_CITY_NAME_FAEROERNE
CIVILIZATION_DENMARK;TXT_KEY_CITY_NAME_REYKJAVIK
CIVILIZATION_DENMARK;TXT_KEY_CITY_NAME_TRONDHEIM
CIVILIZATION_DENMARK;TXT_KEY_CITY_NAME_GODTHAB
CIVILIZATION_DENMARK;TXT_KEY_CITY_NAME_HELLULAND
CIVILIZATION_DENMARK;TXT_KEY_CITY_NAME_LILLEHAMMER
CIVILIZATION_DENMARK;TXT_KEY_CITY_NAME_MARKLAND
CIVILIZATION_DENMARK;TXT_KEY_CITY_NAME_ELSINORE
CIVILIZATION_DENMARK;TXT_KEY_CITY_NAME_SARPSBORG
CIVILIZATION_DENMARK;TXT_KEY_CITY_NAME_ODENSE
CIVILIZATION_DENMARK;TXT_KEY_CITY_NAME_AALBORG
CIVILIZATION_DENMARK;TXT_KEY_CITY_NAME_STAVANGER
CIVILIZATION_DENMARK;TXT_KEY_CITY_NAME_VORBASSE
CIVILIZATION_DENMARK;TXT_KEY_CITY_NAME_SCHLESWIG
CIVILIZATION_DENMARK;TXT_KEY_CITY_NAME_KRISTIANSAND
CIVILIZATION_DENMARK;TXT_KEY_CITY_NAME_HALOGALAND
CIVILIZATION_DENMARK;TXT_KEY_CITY_NAME_RANDERS
CIVILIZATION_DENMARK;TXT_KEY_CITY_NAME_FREDRIKSTAD
CIVILIZATION_DENMARK;TXT_KEY_CITY_NAME_KOLDING
CIVILIZATION_DENMARK;TXT_KEY_CITY_NAME_HORSENS
CIVILIZATION_DENMARK;TXT_KEY_CITY_NAME_TROMSOE
CIVILIZATION_DENMARK;TXT_KEY_CITY_NAME_VEJLE
CIVILIZATION_DENMARK;TXT_KEY_CITY_NAME_KOGE
CIVILIZATION_DENMARK;TXT_KEY_CITY_NAME_SANDNES
CIVILIZATION_DENMARK;TXT_KEY_CITY_NAME_HOLSTEBRO
CIVILIZATION_DENMARK;TXT_KEY_CITY_NAME_SLAGELSE
CIVILIZATION_DENMARK;TXT_KEY_CITY_NAME_DRAMMEN
CIVILIZATION_DENMARK;TXT_KEY_CITY_NAME_HILLEROD
CIVILIZATION_DENMARK;TXT_KEY_CITY_NAME_SONDERBORG
CIVILIZATION_DENMARK;TXT_KEY_CITY_NAME_SKIEN
CIVILIZATION_DENMARK;TXT_KEY_CITY_NAME_SVENDBORG
CIVILIZATION_DENMARK;TXT_KEY_CITY_NAME_HOLBAEK
CIVILIZATION_DENMARK;TXT_KEY_CITY_NAME_HJORRING
CIVILIZATION_DENMARK;TXT_KEY_CITY_NAME_FLADSTRAND
CIVILIZATION_DENMARK;TXT_KEY_CITY_NAME_HADERSLEV
CIVILIZATION_DENMARK;TXT_KEY_CITY_NAME_RINGSTED
CIVILIZATION_DENMARK;TXT_KEY_CITY_NAME_SKIVE
CIVILIZATION_KOREA;TXT_KEY_CITY_NAME_SEOUL
CIVILIZATION_KOREA;TXT_KEY_CITY_NAME_BUSAN
CIVILIZATION_KOREA;TXT_KEY_CITY_NAME_JEONJU
CIVILIZATION_KOREA;TXT_KEY_CITY_NAME_DAEGU
CIVILIZATION_KOREA;TXT_KEY_CITY_NAME_PYONGYANG
CIVILIZATION_KOREA;TXT_KEY_CITY_NAME_KAESONG
CIVILIZATION_KOREA;TXT_KEY_CITY_NAME_SUWON
CIVILIZATION_KOREA;TXT_KEY_CITY_NAME_GWANGJU
CIVILIZATION_KOREA;TXT_KEY_CITY_NAME_GANGNEUNG
CIVILIZATION_KOREA;TXT_KEY_CITY_NAME_HAMHUNG
CIVILIZATION_KOREA;TXT_KEY_CITY_NAME_WONJU
CIVILIZATION_KOREA;TXT_KEY_CITY_NAME_ULSAN
CIVILIZATION_KOREA;TXT_KEY_CITY_NAME_CHANGWON
CIVILIZATION_KOREA;TXT_KEY_CITY_NAME_ANDONG
CIVILIZATION_KOREA;TXT_KEY_CITY_NAME_GONGJU
CIVILIZATION_KOREA;TXT_KEY_CITY_NAME_HAEJU
CIVILIZATION_KOREA;TXT_KEY_CITY_NAME_CHEONGJU
CIVILIZATION_KOREA;TXT_KEY_CITY_NAME_MOKPO
CIVILIZATION_KOREA;TXT_KEY_CITY_NAME_DONGDUCHEON
CIVILIZATION_KOREA;TXT_KEY_CITY_NAME_GEOJE
CIVILIZATION_KOREA;TXT_KEY_CITY_NAME_SUNCHEON
CIVILIZATION_KOREA;TXT_KEY_CITY_NAME_JINJU
CIVILIZATION_KOREA;TXT_KEY_CITY_NAME_SANGJU
CIVILIZATION_KOREA;TXT_KEY_CITY_NAME_RASON
CIVILIZATION_KOREA;TXT_KEY_CITY_NAME_GYEONGJU
CIVILIZATION_KOREA;TXT_KEY_CITY_NAME_CHUNGJU
CIVILIZATION_KOREA;TXT_KEY_CITY_NAME_SACHEON
CIVILIZATION_KOREA;TXT_KEY_CITY_NAME_GIMJE
CIVILIZATION_KOREA;TXT_KEY_CITY_NAME_ANJU
CIVILIZATION_BABYLON;TXT_KEY_CITY_NAME_BABYLON
CIVILIZATION_BABYLON;TXT_KEY_CITY_NAME_AKKAD
CIVILIZATION_BABYLON;TXT_KEY_CITY_NAME_DUR_KURIGALZU
CIVILIZATION_BABYLON;TXT_KEY_CITY_NAME_NIPPUR
CIVILIZATION_BABYLON;TXT_KEY_CITY_NAME_BORSIPPA
CIVILIZATION_BABYLON;TXT_KEY_CITY_NAME_SIPPAR
CIVILIZATION_BABYLON;TXT_KEY_CITY_NAME_OPIS
CIVILIZATION_BABYLON;TXT_KEY_CITY_NAME_MARI
CIVILIZATION_BABYLON;TXT_KEY_CITY_NAME_SHUSHAN
CIVILIZATION_BABYLON;TXT_KEY_CITY_NAME_ESHNUNNA
CIVILIZATION_BABYLON;TXT_KEY_CITY_NAME_ELLASAR
CIVILIZATION_BABYLON;TXT_KEY_CITY_NAME_ERECH
CIVILIZATION_BABYLON;TXT_KEY_CITY_NAME_KUTHA
CIVILIZATION_BABYLON;TXT_KEY_CITY_NAME_SIRPURLA
CIVILIZATION_BABYLON;TXT_KEY_CITY_NAME_NERIBTUM
CIVILIZATION_BABYLON;TXT_KEY_CITY_NAME_ARBELA
CIVILIZATION_BABYLON;TXT_KEY_CITY_NAME_NUZI
CIVILIZATION_BABYLON;TXT_KEY_CITY_NAME_TUTUB
CIVILIZATION_BABYLON;TXT_KEY_CITY_NAME_ARRAPKHA
CIVILIZATION_BABYLON;TXT_KEY_CITY_NAME_SHADUPPUM
CIVILIZATION_BABYLON;TXT_KEY_CITY_NAME_RAPIQUM
CIVILIZATION_BABYLON;TXT_KEY_CITY_NAME_MASHKAN_SHAPIR
CIVILIZATION_BABYLON;TXT_KEY_CITY_NAME_TUTTUL
CIVILIZATION_BABYLON;TXT_KEY_CITY_NAME_RAMADI
CIVILIZATION_BABYLON;TXT_KEY_CITY_NAME_ANA
CIVILIZATION_BABYLON;TXT_KEY_CITY_NAME_HARADUM
CIVILIZATION_BABYLON;TXT_KEY_CITY_NAME_AGRAB
CIVILIZATION_BABYLON;TXT_KEY_CITY_NAME_UQAIR
CIVILIZATION_BABYLON;TXT_KEY_CITY_NAME_GUBBA
CIVILIZATION_BABYLON;TXT_KEY_CITY_NAME_HAFRIYAT
CIVILIZATION_BABYLON;TXT_KEY_CITY_NAME_NAGAR
CIVILIZATION_BABYLON;TXT_KEY_CITY_NAME_SHUBAT_ENLIL
CIVILIZATION_BABYLON;TXT_KEY_CITY_NAME_URHAI
CIVILIZATION_BABYLON;TXT_KEY_CITY_NAME_URKESH
CIVILIZATION_BABYLON;TXT_KEY_CITY_NAME_AWAN
CIVILIZATION_BABYLON;TXT_KEY_CITY_NAME_RIBLAH
CIVILIZATION_BABYLON;TXT_KEY_CITY_NAME_TAYMA
CIVILIZATION_AUSTRIA;TXT_KEY_CITY_NAME_VIENNA
CIVILIZATION_AUSTRIA;TXT_KEY_CITY_NAME_SALZBURG
CIVILIZATION_AUSTRIA;TXT_KEY_CITY_NAME_GRAZ
CIVILIZATION_AUSTRIA;TXT_KEY_CITY_NAME_LINZ
CIVILIZATION_AUSTRIA;TXT_KEY_CITY_NAME_KLAGENFURT
CIVILIZATION_AUSTRIA;TXT_KEY_CITY_NAME_BREGENZ
CIVILIZATION_AUSTRIA;TXT_KEY_CITY_NAME_INNSBRUCK
CIVILIZATION_AUSTRIA;TXT_KEY_CITY_NAME_KITZBUHEL
CIVILIZATION_AUSTRIA;TXT_KEY_CITY_NAME_STPOLTEN
CIVILIZATION_AUSTRIA;TXT_KEY_CITY_NAME_EISENSTADT
CIVILIZATION_AUSTRIA;TXT_KEY_CITY_NAME_VILLACH
CIVILIZATION_AUSTRIA;TXT_KEY_CITY_NAME_ZWETTL
CIVILIZATION_AUSTRIA;TXT_KEY_CITY_NAME_TRAUN
CIVILIZATION_AUSTRIA;TXT_KEY_CITY_NAME_WELS
CIVILIZATION_AUSTRIA;TXT_KEY_CITY_NAME_DORNBIRN
CIVILIZATION_AUSTRIA;TXT_KEY_CITY_NAME_FELDKIRCH
CIVILIZATION_AUSTRIA;TXT_KEY_CITY_NAME_AMSTETTEN
CIVILIZATION_AUSTRIA;TXT_KEY_CITY_NAME_BADISCHL
CIVILIZATION_AUSTRIA;TXT_KEY_CITY_NAME_WOLFSBERG
CIVILIZATION_AUSTRIA;TXT_KEY_CITY_NAME_KUFSTEIN
CIVILIZATION_AUSTRIA;TXT_KEY_CITY_NAME_LEOBEN
CIVILIZATION_AUSTRIA;TXT_KEY_CITY_NAME_KLOSTERNEUBURG
CIVILIZATION_AUSTRIA;TXT_KEY_CITY_NAME_LEONDING
CIVILIZATION_AUSTRIA;TXT_KEY_CITY_NAME_KAPFENBERG
CIVILIZATION_AUSTRIA;TXT_KEY_CITY_NAME_HALLEIN
CIVILIZATION_AUSTRIA;TXT_KEY_CITY_NAME_BISCHOFSHOFEN
CIVILIZATION_AUSTRIA;TXT_KEY_CITY_NAME_WAIDHOFEN
CIVILIZATION_AUSTRIA;TXT_KEY_CITY_NAME_SAALBACH
CIVILIZATION_AUSTRIA;TXT_KEY_CITY_NAME_LIENZ
CIVILIZATION_AUSTRIA;TXT_KEY_CITY_NAME_STEYR
CIVILIZATION_BYZANTIUM;TXT_KEY_CITY_NAME_CONSTANTINOPLE
CIVILIZATION_BYZANTIUM;TXT_KEY_CITY_NAME_ADRIANOPLE
CIVILIZATION_BYZANTIUM;TXT_KEY_CITY_NAME_NICAEA
CIVILIZATION_BYZANTIUM;TXT_KEY_CITY_NAME_ANTIOCH
CIVILIZATION_BYZANTIUM;TXT_KEY_CITY_NAME_VARNA
CIVILIZATION_BYZANTIUM;TXT_KEY_CITY_NAME_OHRID
CIVILIZATION_BYZANTIUM;TXT_KEY_CITY_NAME_NICOMEDIA
CIVILIZATION_BYZANTIUM;TXT_KEY_CITY_NAME_TREBIZOND
CIVILIZATION_BYZANTIUM;TXT_KEY_CITY_NAME_CHERSON
CIVILIZATION_BYZANTIUM;TXT_KEY_CITY_NAME_SARDICA
CIVILIZATION_BYZANTIUM;TXT_KEY_CITY_NAME_ANI
CIVILIZATION_BYZANTIUM;TXT_KEY_CITY_NAME_DYRRACHIUM
CIVILIZATION_BYZANTIUM;TXT_KEY_CITY_NAME_EDESSA
CIVILIZATION_BYZANTIUM;TXT_KEY_CITY_NAME_CHALCEDON
CIVILIZATION_BYZANTIUM;TXT_KEY_CITY_NAME_NAISSUS
CIVILIZATION_BYZANTIUM;TXT_KEY_CITY_NAME_BARI
CIVILIZATION_BYZANTIUM;TXT_KEY_CITY_NAME_ICONIUM
CIVILIZATION_BYZANTIUM;TXT_KEY_CITY_NAME_PRILEP
CIVILIZATION_BYZANTIUM;TXT_KEY_CITY_NAME_SAMOSATA
CIVILIZATION_BYZANTIUM;TXT_KEY_CITY_NAME_KARS
CIVILIZATION_BYZANTIUM;TXT_KEY_CITY_NAME_NICOPOLIS
CIVILIZATION_BYZANTIUM;TXT_KEY_CITY_NAME_THEODOSIOPOLIS
CIVILIZATION_BYZANTIUM;TXT_KEY_CITY_NAME_TYANA
CIVILIZATION_BYZANTIUM;TXT_KEY_CITY_NAME_GAZA
CIVILIZATION_BYZANTIUM;TXT_KEY_CITY_NAME_KERKYRA
CIVILIZATION_BYZANTIUM;TXT_KEY_CITY_NAME_PHOENICE
CIVILIZATION_BYZANTIUM;TXT_KEY_CITY_NAME_SELYMBRIA
CIVILIZATION_BYZANTIUM;TXT_KEY_CITY_NAME_SILLYON
CIVILIZATION_BYZANTIUM;TXT_KEY_CITY_NAME_CHRYSOPOLIS
CIVILIZATION_BYZANTIUM;TXT_KEY_CITY_NAME_CORCYRUS
CIVILIZATION_BYZANTIUM;TXT_KEY_CITY_NAME_VODENA
CIVILIZATION_BYZANTIUM;TXT_KEY_CITY_NAME_CAESAREAMARITIMA
CIVILIZATION_BYZANTIUM;TXT_KEY_CITY_NAME_TRAIANOUPOLI
CIVILIZATION_BYZANTIUM;TXT_KEY_CITY_NAME_CONSTANTIA
CIVILIZATION_CARTHAGE;TXT_KEY_CITY_NAME_CARTHAGE
CIVILIZATION_CARTHAGE;TXT_KEY_CITY_NAME_UTIQUE
CIVILIZATION_CARTHAGE;TXT_KEY_CITY_NAME_HIPPOREGIUS
CIVILIZATION_CARTHAGE;TXT_KEY_CITY_NAME_GADES
CIVILIZATION_CARTHAGE;TXT_KEY_CITY_NAME_SAGUNTUM
CIVILIZATION_CARTHAGE;TXT_KEY_CITY_NAME_CARTHAGONOVA
CIVILIZATION_CARTHAGE;TXT_KEY_CITY_NAME_PANORMUS
CIVILIZATION_CARTHAGE;TXT_KEY_CITY_NAME_LILYBAEUM
CIVILIZATION_CARTHAGE;TXT_KEY_CITY_NAME_HADRUMETUM
CIVILIZATION_CARTHAGE;TXT_KEY_CITY_NAME_ZAMAREGIA
CIVILIZATION_CARTHAGE;TXT_KEY_CITY_NAME_KARALIS
CIVILIZATION_CARTHAGE;TXT_KEY_CITY_NAME_MALACA
CIVILIZATION_CARTHAGE;TXT_KEY_CITY_NAME_LEPTISMAGNA
CIVILIZATION_CARTHAGE;TXT_KEY_CITY_NAME_HIPPODIARRHYTUS
CIVILIZATION_CARTHAGE;TXT_KEY_CITY_NAME_MOTYA
CIVILIZATION_CARTHAGE;TXT_KEY_CITY_NAME_SOLKI
CIVILIZATION_CARTHAGE;TXT_KEY_CITY_NAME_THARROS
CIVILIZATION_CARTHAGE;TXT_KEY_CITY_NAME_LEPTISPARVA
CIVILIZATION_CARTHAGE;TXT_KEY_CITY_NAME_SOLUNTUM
CIVILIZATION_CARTHAGE;TXT_KEY_CITY_NAME_LIXUS
CIVILIZATION_CARTHAGE;TXT_KEY_CITY_NAME_OEA
CIVILIZATION_CARTHAGE;TXT_KEY_CITY_NAME_THEVESTE
CIVILIZATION_CARTHAGE;TXT_KEY_CITY_NAME_IBOSSIM
CIVILIZATION_CARTHAGE;TXT_KEY_CITY_NAME_THAPSUS
CIVILIZATION_CARTHAGE;TXT_KEY_CITY_NAME_ALERIA
CIVILIZATION_CARTHAGE;TXT_KEY_CITY_NAME_TINGIS
CIVILIZATION_CARTHAGE;TXT_KEY_CITY_NAME_ABYLA
CIVILIZATION_CARTHAGE;TXT_KEY_CITY_NAME_SABRATHE
CIVILIZATION_CARTHAGE;TXT_KEY_CITY_NAME_RUSADIR
CIVILIZATION_CARTHAGE;TXT_KEY_CITY_NAME_BAECULA
CIVILIZATION_CARTHAGE;TXT_KEY_CITY_NAME_SALDAE
CIVILIZATION_CELTS;TXT_KEY_CITY_NAME_EDINBURGH
CIVILIZATION_CELTS;TXT_KEY_CITY_NAME_DUBLIN
CIVILIZATION_CELTS;TXT_KEY_CITY_NAME_CARDIFF
CIVILIZATION_CELTS;TXT_KEY_CITY_NAME_TRURO
CIVILIZATION_CELTS;TXT_KEY_CITY_NAME_NANTES
CIVILIZATION_CELTS;TXT_KEY_CITY_NAME_DOUGLAS
CIVILIZATION_CELTS;TXT_KEY_CITY_NAME_GLASGOW
CIVILIZATION_CELTS;TXT_KEY_CITY_NAME_CORK
CIVILIZATION_CELTS;TXT_KEY_CITY_NAME_ABERYSTWYTH
CIVILIZATION_CELTS;TXT_KEY_CITY_NAME_PENZANCE
CIVILIZATION_CELTS;TXT_KEY_CITY_NAME_RENNES
CIVILIZATION_CELTS;TXT_KEY_CITY_NAME_RAMSEY
CIVILIZATION_CELTS;TXT_KEY_CITY_NAME_INVERNESS
CIVILIZATION_CELTS;TXT_KEY_CITY_NAME_LIMERICK
CIVILIZATION_CELTS;TXT_KEY_CITY_NAME_SWANSEA
CIVILIZATION_CELTS;TXT_KEY_CITY_NAME_ST_IVES
CIVILIZATION_CELTS;TXT_KEY_CITY_NAME_BREST
CIVILIZATION_CELTS;TXT_KEY_CITY_NAME_PEEL
CIVILIZATION_CELTS;TXT_KEY_CITY_NAME_ABERDEEN
CIVILIZATION_CELTS;TXT_KEY_CITY_NAME_BELFAST
CIVILIZATION_CELTS;TXT_KEY_CITY_NAME_CAERNARFON
CIVILIZATION_CELTS;TXT_KEY_CITY_NAME_NEWQUAY
CIVILIZATION_CELTS;TXT_KEY_CITY_NAME_SAINT_NAZAIRE
CIVILIZATION_CELTS;TXT_KEY_CITY_NAME_CASTLETOWN
CIVILIZATION_CELTS;TXT_KEY_CITY_NAME_STIRLING
CIVILIZATION_CELTS;TXT_KEY_CITY_NAME_GALWAY
CIVILIZATION_CELTS;TXT_KEY_CITY_NAME_CONWY
CIVILIZATION_CELTS;TXT_KEY_CITY_NAME_ST_AUSTELL
CIVILIZATION_CELTS;TXT_KEY_CITY_NAME_SAINT_MALO
CIVILIZATION_CELTS;TXT_KEY_CITY_NAME_ONCHAN
CIVILIZATION_CELTS;TXT_KEY_CITY_NAME_DUNDEE
CIVILIZATION_CELTS;TXT_KEY_CITY_NAME_LONDONDERRY
CIVILIZATION_CELTS;TXT_KEY_CITY_NAME_LLANFAIRPWLLGWYNGYLL
CIVILIZATION_CELTS;TXT_KEY_CITY_NAME_FALMOUTH
CIVILIZATION_CELTS;TXT_KEY_CITY_NAME_LORIENT
CIVILIZATION_HUNS;TXT_KEY_CITY_NAME_ATTILAS_COURT
CIVILIZATION_MAYA;TXT_KEY_CITY_NAME_PALENQUE
CIVILIZATION_MAYA;TXT_KEY_CITY_NAME_TIKAL
CIVILIZATION_MAYA;TXT_KEY_CITY_NAME_CHICHENITZA
CIVILIZATION_MAYA;TXT_KEY_CITY_NAME_UXMAL
CIVILIZATION_MAYA;TXT_KEY_CITY_NAME_TULUM
CIVILIZATION_MAYA;TXT_KEY_CITY_NAME_COPAN
CIVILIZATION_MAYA;TXT_KEY_CITY_NAME_COBA
CIVILIZATION_MAYA;TXT_KEY_CITY_NAME_ELMIRADOR
CIVILIZATION_MAYA;TXT_KEY_CITY_NAME_CALAKMUL
CIVILIZATION_MAYA;TXT_KEY_CITY_NAME_EDZNA
CIVILIZATION_MAYA;TXT_KEY_CITY_NAME_LAMANAI
CIVILIZATION_MAYA;TXT_KEY_CITY_NAME_IZAPA
CIVILIZATION_MAYA;TXT_KEY_CITY_NAME_UAXACTUN
CIVILIZATION_MAYA;TXT_KEY_CITY_NAME_COMALCALCO
CIVILIZATION_MAYA;TXT_KEY_CITY_NAME_PIEDRANEGRAS
CIVILIZATION_MAYA;TXT_KEY_CITY_NAME_CANCUEN
CIVILIZATION_MAYA;TXT_KEY_CITY_NAME_YAXHA
CIVILIZATION_MAYA;TXT_KEY_CITY_NAME_QUIRIGUA
CIVILIZATION_MAYA;TXT_KEY_CITY_NAME_QUMARKAJ
CIVILIZATION_MAYA;TXT_KEY_CITY_NAME_NAKBE
CIVILIZATION_MAYA;TXT_KEY_CITY_NAME_CERROS
CIVILIZATION_MAYA;TXT_KEY_CITY_NAME_XUNANTUNICH
CIVILIZATION_MAYA;TXT_KEY_CITY_NAME_TAKALIKABAJ
CIVILIZATION_MAYA;TXT_KEY_CITY_NAME_CIVAL
CIVILIZATION_MAYA;TXT_KEY_CITY_NAME_SANBARTOLO
CIVILIZATION_MAYA;TXT_KEY_CITY_NAME_ALTARDESACRIFICIOS
CIVILIZATION_MAYA;TXT_KEY_CITY_NAME_SEIBAL
CIVILIZATION_MAYA;TXT_KEY_CITY_NAME_CARACOL
CIVILIZATION_MAYA;TXT_KEY_CITY_NAME_NARANJO
CIVILIZATION_MAYA;TXT_KEY_CITY_NAME_DOSPILAS
CIVILIZATION_MAYA;TXT_KEY_CITY_NAME_MAYAPAN
CIVILIZATION_MAYA;TXT_KEY_CITY_NAME_IXINCHE
CIVILIZATION_MAYA;TXT_KEY_CITY_NAME_ZACULEU
CIVILIZATION_MAYA;TXT_KEY_CITY_NAME_KABAH
CIVILIZATION_NETHERLANDS;TXT_KEY_CITY_NAME_AMSTERDAM
CIVILIZATION_NETHERLANDS;TXT_KEY_CITY_NAME_ROTTERDAM
CIVILIZATION_NETHERLANDS;TXT_KEY_CITY_NAME_UTRECHT
CIVILIZATION_NETHERLANDS;TXT_KEY_CITY_NAME_GRONINGEN
CIVILIZATION_NETHERLANDS;TXT_KEY_CITY_NAME_BREDA
CIVILIZATION_NETHERLANDS;TXT_KEY_CITY_NAME_NIJMEGEN
CIVILIZATION_NETHERLANDS;TXT_KEY_CITY_NAME_THEHAGUE
CIVILIZATION_NETHERLANDS;TXT_KEY_CITY_NAME_HAARLEM
CIVILIZATION_NETHERLANDS;TXT_KEY_CITY_NAME_ARNHEM
CIVILIZATION_NETHERLANDS;TXT_KEY_CITY_NAME_ZUTPHEN
CIVILIZATION_NETHERLANDS;TXT_KEY_CITY_NAME_MAASTRICHT
CIVILIZATION_NETHERLANDS;TXT_KEY_CITY_NAME_TILBURG
CIVILIZATION_NETHERLANDS;TXT_KEY_CITY_NAME_EINDHOVEN
CIVILIZATION_NETHERLANDS;TXT_KEY_CITY_NAME_DORDRECHT
CIVILIZATION_NETHERLANDS;TXT_KEY_CITY_NAME_SHERTOGENBOSCH
CIVILIZATION_NETHERLANDS;TXT_KEY_CITY_NAME_ALMERE
CIVILIZATION_NETHERLANDS;TXT_KEY_CITY_NAME_ALKMAAR
CIVILIZATION_NETHERLANDS;TXT_KEY_CITY_NAME_BRIELLE
CIVILIZATION_NETHERLANDS;TXT_KEY_CITY_NAME_VLISSINGEN
CIVILIZATION_NETHERLANDS;TXT_KEY_CITY_NAME_APELDOOM
CIVILIZATION_NETHERLANDS;TXT_KEY_CITY_NAME_ENSCHEDE
CIVILIZATION_NETHERLANDS;TXT_KEY_CITY_NAME_AMERSFOORT
CIVILIZATION_NETHERLANDS;TXT_KEY_CITY_NAME_ZWOLLE
CIVILIZATION_NETHERLANDS;TXT_KEY_CITY_NAME_VENLO
CIVILIZATION_NETHERLANDS;TXT_KEY_CITY_NAME_UDEN
CIVILIZATION_NETHERLANDS;TXT_KEY_CITY_NAME_GRAVE
CIVILIZATION_NETHERLANDS;TXT_KEY_CITY_NAME_DELFT
CIVILIZATION_NETHERLANDS;TXT_KEY_CITY_NAME_GOUDA
CIVILIZATION_NETHERLANDS;TXT_KEY_CITY_NAME_NIEUWSTADT
CIVILIZATION_NETHERLANDS;TXT_KEY_CITY_NAME_WEESP
CIVILIZATION_NETHERLANDS;TXT_KEY_CITY_NAME_COEVORDEN
CIVILIZATION_NETHERLANDS;TXT_KEY_CITY_NAME_KERKRADE
CIVILIZATION_SWEDEN;TXT_KEY_CITY_NAME_STOCKHOLM
CIVILIZATION_SWEDEN;TXT_KEY_CITY_NAME_SIGTUNA
CIVILIZATION_SWEDEN;TXT_KEY_CITY_NAME_HELSINKI
CIVILIZATION_SWEDEN;TXT_KEY_CITY_NAME_BIRKA
CIVILIZATION_SWEDEN;TXT_KEY_CITY_NAME_UPPSALA
CIVILIZATION_SWEDEN;TXT_KEY_CITY_NAME_TURKU
CIVILIZATION_SWEDEN;TXT_KEY_CITY_NAME_LINKOPING
CIVILIZATION_SWEDEN;TXT_KEY_CITY_NAME_LUND
CIVILIZATION_SWEDEN;TXT_KEY_CITY_NAME_ESPOO
CIVILIZATION_SWEDEN;TXT_KEY_CITY_NAME_VASTERAS
CIVILIZATION_SWEDEN;TXT_KEY_CITY_NAME_MALMO
CIVILIZATION_SWEDEN;TXT_KEY_CITY_NAME_VANTAA
CIVILIZATION_SWEDEN;TXT_KEY_CITY_NAME_VISBY
CIVILIZATION_SWEDEN;TXT_KEY_CITY_NAME_STRANGNAS
CIVILIZATION_SWEDEN;TXT_KEY_CITY_NAME_TAMPERE
CIVILIZATION_SWEDEN;TXT_KEY_CITY_NAME_SKARA
CIVILIZATION_SWEDEN;TXT_KEY_CITY_NAME_LODOSE
CIVILIZATION_SWEDEN;TXT_KEY_CITY_NAME_OULU
CIVILIZATION_SWEDEN;TXT_KEY_CITY_NAME_VAXJO
CIVILIZATION_SWEDEN;TXT_KEY_CITY_NAME_JYVASKYLA
CIVILIZATION_SWEDEN;TXT_KEY_CITY_NAME_GOTHENBURG
CIVILIZATION_SWEDEN;TXT_KEY_CITY_NAME_OREBRO
CIVILIZATION_SWEDEN;TXT_KEY_CITY_NAME_LAHTI
CIVILIZATION_SWEDEN;TXT_KEY_CITY_NAME_HELSINGBORG
CIVILIZATION_SWEDEN;TXT_KEY_CITY_NAME_JONKOPING
CIVILIZATION_SWEDEN;TXT_KEY_CITY_NAME_KUOPIO
CIVILIZATION_SWEDEN;TXT_KEY_CITY_NAME_NORRKOPING
CIVILIZATION_SWEDEN;TXT_KEY_CITY_NAME_SUNDSVALL
CIVILIZATION_SWEDEN;TXT_KEY_CITY_NAME_KOUVOLA
CIVILIZATION_SWEDEN;TXT_KEY_CITY_NAME_KARLSTAD
CIVILIZATION_SWEDEN;TXT_KEY_CITY_NAME_UMEA
CIVILIZATION_SWEDEN;TXT_KEY_CITY_NAME_PORI
CIVILIZATION_SWEDEN;TXT_KEY_CITY_NAME_YSTAD
CIVILIZATION_SWEDEN;TXT_KEY_CITY_NAME_PAVIKEN
CIVILIZATION_SWEDEN;TXT_KEY_CITY_NAME_VAASA
CIVILIZATION_SPAIN;TXT_KEY_CITY_NAME_MADRID
CIVILIZATION_SPAIN;TXT_KEY_CITY_NAME_BARCELONA
CIVILIZATION_SPAIN;TXT_KEY_CITY_NAME_SEVILLE
CIVILIZATION_SPAIN;TXT_KEY_CITY_NAME_CORDOBA
CIVILIZATION_SPAIN;TXT_KEY_CITY_NAME_TOLEDO
CIVILIZATION_SPAIN;TXT_KEY_CITY_NAME_SANTIAGO
CIVILIZATION_SPAIN;TXT_KEY_CITY_NAME_SALAMANCA
CIVILIZATION_SPAIN;TXT_KEY_CITY_NAME_MURCIA
CIVILIZATION_SPAIN;TXT_KEY_CITY_NAME_VALENCIA
CIVILIZATION_SPAIN;TXT_KEY_CITY_NAME_ZARAGOZA
CIVILIZATION_SPAIN;TXT_KEY_CITY_NAME_PAMPLONA
CIVILIZATION_SPAIN;TXT_KEY_CITY_NAME_VITORIA
CIVILIZATION_SPAIN;TXT_KEY_CITY_NAME_SANTANDER
CIVILIZATION_SPAIN;TXT_KEY_CITY_NAME_ASTURIAS
CIVILIZATION_SPAIN;TXT_KEY_CITY_NAME_JAEN
CIVILIZATION_SPAIN;TXT_KEY_CITY_NAME_LOGRONO
CIVILIZATION_SPAIN;TXT_KEY_CITY_NAME_VALLADOLID
CIVILIZATION_SPAIN;TXT_KEY_CITY_NAME_PALMA
CIVILIZATION_SPAIN;TXT_KEY_CITY_NAME_TERUEL
CIVILIZATION_SPAIN;TXT_KEY_CITY_NAME_ALMERIA
CIVILIZATION_SPAIN;TXT_KEY_CITY_NAME_LEON
CIVILIZATION_SPAIN;TXT_KEY_CITY_NAME_ZAMORA
CIVILIZATION_SPAIN;TXT_KEY_CITY_NAME_MIDA
CIVILIZATION_SPAIN;TXT_KEY_CITY_NAME_LUGO
CIVILIZATION_SPAIN;TXT_KEY_CITY_NAME_ALICANTE
CIVILIZATION_SPAIN;TXT_KEY_CITY_NAME_CADIZ
CIVILIZATION_SPAIN;TXT_KEY_CITY_NAME_ELCHE
CIVILIZATION_SPAIN;TXT_KEY_CITY_NAME_ALCORCON
CIVILIZATION_SPAIN;TXT_KEY_CITY_NAME_BURGOS
CIVILIZATION_SPAIN;TXT_KEY_CITY_NAME_VIGO
CIVILIZATION_SPAIN;TXT_KEY_CITY_NAME_BADAJOZ
CIVILIZATION_SPAIN;TXT_KEY_CITY_NAME_LA_CORUNA
CIVILIZATION_SPAIN;TXT_KEY_CITY_NAME_OVIEDO
CIVILIZATION_SPAIN;TXT_KEY_CITY_NAME_BILBAO
CIVILIZATION_SPAIN;TXT_KEY_CITY_NAME_SAN_SEBASTIAN
CIVILIZATION_SPAIN;TXT_KEY_CITY_NAME_GRANADA
CIVILIZATION_SPAIN;TXT_KEY_CITY_NAME_MERIDA
CIVILIZATION_SPAIN;TXT_KEY_CITY_NAME_HUELVA
CIVILIZATION_SPAIN;TXT_KEY_CITY_NAME_IBIZA
CIVILIZATION_SPAIN;TXT_KEY_CITY_NAME_LAS_PALMAS
CIVILIZATION_SPAIN;TXT_KEY_CITY_NAME_TENERIFE
CIVILIZATION_ETHIOPIA;TXT_KEY_CITY_NAME_ADDISABABA
CIVILIZATION_ETHIOPIA;TXT_KEY_CITY_NAME_HARAR
CIVILIZATION_ETHIOPIA;TXT_KEY_CITY_NAME_ADWA
CIVILIZATION_ETHIOPIA;TXT_KEY_CITY_NAME_LALIBELA
CIVILIZATION_ETHIOPIA;TXT_KEY_CITY_NAME_GONDAR
CIVILIZATION_ETHIOPIA;TXT_KEY_CITY_NAME_AXUM
CIVILIZATION_ETHIOPIA;TXT_KEY_CITY_NAME_DIREDAWA
CIVILIZATION_ETHIOPIA;TXT_KEY_CITY_NAME_BAHIRDAR
CIVILIZATION_ETHIOPIA;TXT_KEY_CITY_NAME_ADAMA
CIVILIZATION_ETHIOPIA;TXT_KEY_CITY_NAME_MEKELE
CIVILIZATION_ETHIOPIA;TXT_KEY_CITY_NAME_AWASA
CIVILIZATION_ETHIOPIA;TXT_KEY_CITY_NAME_JIMMA
CIVILIZATION_ETHIOPIA;TXT_KEY_CITY_NAME_JIJIGA
CIVILIZATION_ETHIOPIA;TXT_KEY_CITY_NAME_DESSIE
CIVILIZATION_ETHIOPIA;TXT_KEY_CITY_NAME_DEBREBERHAN
CIVILIZATION_ETHIOPIA;TXT_KEY_CITY_NAME_SHASHAMANE
CIVILIZATION_ETHIOPIA;TXT_KEY_CITY_NAME_DEBREZEYIT
CIVILIZATION_ETHIOPIA;TXT_KEY_CITY_NAME_SODO
CIVILIZATION_ETHIOPIA;TXT_KEY_CITY_NAME_HOSAENA
CIVILIZATION_ETHIOPIA;TXT_KEY_CITY_NAME_NEKEMTE
CIVILIZATION_ETHIOPIA;TXT_KEY_CITY_NAME_ASELLA
CIVILIZATION_ETHIOPIA;TXT_KEY_CITY_NAME_DILA
CIVILIZATION_ETHIOPIA;TXT_KEY_CITY_NAME_ADIGRAT
CIVILIZATION_ETHIOPIA;TXT_KEY_CITY_NAME_DEBREMARKOS
CIVILIZATION_ETHIOPIA;TXT_KEY_CITY_NAME_KOMBOLCHA
CIVILIZATION_ETHIOPIA;TXT_KEY_CITY_NAME_DEBRETABOR
CIVILIZATION_ETHIOPIA;TXT_KEY_CITY_NAME_SEBETA
CIVILIZATION_ETHIOPIA;TXT_KEY_CITY_NAME_SHIRE
CIVILIZATION_ETHIOPIA;TXT_KEY_CITY_NAME_AMBO
CIVILIZATION_ETHIOPIA;TXT_KEY_CITY_NAME_NEGELEARSI
CIVILIZATION_ETHIOPIA;TXT_KEY_CITY_NAME_GAMBELA
CIVILIZATION_ETHIOPIA;TXT_KEY_CITY_NAME_ZIWAY
CIVILIZATION_ETHIOPIA;TXT_KEY_CITY_NAME_WELDIYA
CIVILIZATION_VENICE;TXT_KEY_CITY_NAME_VENICE
CIVILIZATION_MOROCCO;TXT_KEY_CITY_NAME_MARRAKECH
CIVILIZATION_MOROCCO;TXT_KEY_CITY_NAME_RABAT
CIVILIZATION_MOROCCO;TXT_KEY_CITY_NAME_FES
CIVILIZATION_MOROCCO;TXT_KEY_CITY_NAME_CASABLANCA
CIVILIZATION_MOROCCO;TXT_KEY_CITY_NAME_TANGIER
CIVILIZATION_MOROCCO;TXT_KEY_CITY_NAME_SALE
CIVILIZATION_MOROCCO;TXT_KEY_CITY_NAME_OUARZAZATE
CIVILIZATION_MOROCCO;TXT_KEY_CITY_NAME_MEKNES
CIVILIZATION_MOROCCO;TXT_KEY_CITY_NAME_AGADIR
CIVILIZATION_MOROCCO;TXT_KEY_CITY_NAME_OUJDA
CIVILIZATION_MOROCCO;TXT_KEY_CITY_NAME_KENITRA
CIVILIZATION_MOROCCO;TXT_KEY_CITY_NAME_TETOUAN
CIVILIZATION_MOROCCO;TXT_KEY_CITY_NAME_ESSAOUIRA
CIVILIZATION_MOROCCO;TXT_KEY_CITY_NAME_SAFI
CIVILIZATION_MOROCCO;TXT_KEY_CITY_NAME_TAROUDANNT
CIVILIZATION_MOROCCO;TXT_KEY_CITY_NAME_MOHAMMEDIA
CIVILIZATION_MOROCCO;TXT_KEY_CITY_NAME_EL_AAIUN
CIVILIZATION_MOROCCO;TXT_KEY_CITY_NAME_BENI_MELLAL
CIVILIZATION_MOROCCO;TXT_KEY_CITY_NAME_EL_JADIA
CIVILIZATION_MOROCCO;TXT_KEY_CITY_NAME_KSAR_EL_KEBIR
CIVILIZATION_MOROCCO;TXT_KEY_CITY_NAME_TAZA
CIVILIZATION_MOROCCO;TXT_KEY_CITY_NAME_FQUIH_BEN_SALAH
CIVILIZATION_MOROCCO;TXT_KEY_CITY_NAME_KHOURIBGA
CIVILIZATION_MOROCCO;TXT_KEY_CITY_NAME_NADOR
CIVILIZATION_MOROCCO;TXT_KEY_CITY_NAME_SETTAT
CIVILIZATION_MOROCCO;TXT_KEY_CITY_NAME_BERRECHID
CIVILIZATION_MOROCCO;TXT_KEY_CITY_NAME_LARACHE
CIVILIZATION_MOROCCO;TXT_KEY_CITY_NAME_KHEMISSET
CIVILIZATION_MOROCCO;TXT_KEY_CITY_NAME_GUELMIM
CIVILIZATION_MOROCCO;TXT_KEY_CITY_NAME_DAKHLA
CIVILIZATION_MOROCCO;TXT_KEY_CITY_NAME_CHEFCHAOUEN
CIVILIZATION_MOROCCO;TXT_KEY_CITY_NAME_BEN_GUERIR
CIVILIZATION_MOROCCO;TXT_KEY_CITY_NAME_EL_KELAA_DES_SRAGHNA
CIVILIZATION_MOROCCO;TXT_KEY_CITY_NAME_ERFOUD
CIVILIZATION_INDONESIA;TXT_KEY_CITY_NAME_JAKARTA
CIVILIZATION_INDONESIA;TXT_KEY_CITY_NAME_SURABAYA
CIVILIZATION_INDONESIA;TXT_KEY_CITY_NAME_MEDAN
CIVILIZATION_INDONESIA;TXT_KEY_CITY_NAME_MAKASSAR
CIVILIZATION_INDONESIA;TXT_KEY_CITY_NAME_BATAM
CIVILIZATION_INDONESIA;TXT_KEY_CITY_NAME_DENPASAR
CIVILIZATION_INDONESIA;TXT_KEY_CITY_NAME_SAMARINDA
CIVILIZATION_INDONESIA;TXT_KEY_CITY_NAME_MATARAM
CIVILIZATION_INDONESIA;TXT_KEY_CITY_NAME_AMBON
CIVILIZATION_INDONESIA;TXT_KEY_CITY_NAME_BANDUNG
CIVILIZATION_INDONESIA;TXT_KEY_CITY_NAME_KUPANG
CIVILIZATION_INDONESIA;TXT_KEY_CITY_NAME_DEPOK
CIVILIZATION_INDONESIA;TXT_KEY_CITY_NAME_PALEMBANG
CIVILIZATION_INDONESIA;TXT_KEY_CITY_NAME_TROWULAN
CIVILIZATION_INDONESIA;TXT_KEY_CITY_NAME_SEMARANG
CIVILIZATION_INDONESIA;TXT_KEY_CITY_NAME_JAYAPURA
CIVILIZATION_INDONESIA;TXT_KEY_CITY_NAME_TANGERANG
CIVILIZATION_INDONESIA;TXT_KEY_CITY_NAME_BOGOR
CIVILIZATION_INDONESIA;TXT_KEY_CITY_NAME_PEKANBARU
CIVILIZATION_INDONESIA;TXT_KEY_CITY_NAME_BANDAR_LAMPUNG
CIVILIZATION_INDONESIA;TXT_KEY_CITY_NAME_MALANG
CIVILIZATION_INDONESIA;TXT_KEY_CITY_NAME_PADANG
CIVILIZATION_INDONESIA;TXT_KEY_CITY_NAME_SAMARINDA
CIVILIZATION_INDONESIA;TXT_KEY_CITY_NAME_TERNATE
CIVILIZATION_INDONESIA;TXT_KEY_CITY_NAME_BANJARMASIN
CIVILIZATION_INDONESIA;TXT_KEY_CITY_NAME_PONTIANAK
CIVILIZATION_INDONESIA;TXT_KEY_CITY_NAME_CIMAHI
CIVILIZATION_INDONESIA;TXT_KEY_CITY_NAME_BALIKPAPAN
CIVILIZATION_INDONESIA;TXT_KEY_CITY_NAME_JAMBI
CIVILIZATION_INDONESIA;TXT_KEY_CITY_NAME_KOMODO
CIVILIZATION_BRAZIL;TXT_KEY_CITY_NAME_RIO_DE_JANEIRO
CIVILIZATION_BRAZIL;TXT_KEY_CITY_NAME_SAO_PAULO
CIVILIZATION_BRAZIL;TXT_KEY_CITY_NAME_SALVADOR
CIVILIZATION_BRAZIL;TXT_KEY_CITY_NAME_BRASILIA
CIVILIZATION_BRAZIL;TXT_KEY_CITY_NAME_FORTALEZA
CIVILIZATION_BRAZIL;TXT_KEY_CITY_NAME_BELO_HORIZONTE
CIVILIZATION_BRAZIL;TXT_KEY_CITY_NAME_MANAUS
CIVILIZATION_BRAZIL;TXT_KEY_CITY_NAME_CURITIBA
CIVILIZATION_BRAZIL;TXT_KEY_CITY_NAME_RECIFE
CIVILIZATION_BRAZIL;TXT_KEY_CITY_NAME_PORTO_ALEGRE
CIVILIZATION_BRAZIL;TXT_KEY_CITY_NAME_BELEM
CIVILIZATION_BRAZIL;TXT_KEY_CITY_NAME_GOIANIA
CIVILIZATION_BRAZIL;TXT_KEY_CITY_NAME_GUARULHOS
CIVILIZATION_BRAZIL;TXT_KEY_CITY_NAME_CAMPINAS
CIVILIZATION_BRAZIL;TXT_KEY_CITY_NAME_SAO_LUIS
CIVILIZATION_BRAZIL;TXT_KEY_CITY_NAME_MACEIO
CIVILIZATION_BRAZIL;TXT_KEY_CITY_NAME_DUQUE_DE_CAXIAS
CIVILIZATION_BRAZIL;TXT_KEY_CITY_NAME_NATAL
CIVILIZATION_BRAZIL;TXT_KEY_CITY_NAME_CAMPO_GRANDE
CIVILIZATION_BRAZIL;TXT_KEY_CITY_NAME_TERESINA
CIVILIZATION_BRAZIL;TXT_KEY_CITY_NAME_FLORIANOPOLIS
CIVILIZATION_BRAZIL;TXT_KEY_CITY_NAME_NOVA_IGUACU
CIVILIZATION_BRAZIL;TXT_KEY_CITY_NAME_SAO_BERNARDO_DO_CAMPO
CIVILIZATION_BRAZIL;TXT_KEY_CITY_NAME_JOAO_PESSOA
CIVILIZATION_BRAZIL;TXT_KEY_CITY_NAME_OSASCO
CIVILIZATION_BRAZIL;TXT_KEY_CITY_NAME_JABOATAO_DOS_GUARARAPES
CIVILIZATION_BRAZIL;TXT_KEY_CITY_NAME_SAO_JOSE_DOS_CAMPOS
CIVILIZATION_BRAZIL;TXT_KEY_CITY_NAME_CONTAGEM
CIVILIZATION_BRAZIL;TXT_KEY_CITY_NAME_UBERLANDIA
CIVILIZATION_BRAZIL;TXT_KEY_CITY_NAME_ARACAJU
CIVILIZATION_BRAZIL;TXT_KEY_CITY_NAME_CUIABA
CIVILIZATION_BRAZIL;TXT_KEY_CITY_NAME_FEIRA_DE_SANTANA
CIVILIZATION_BRAZIL;TXT_KEY_CITY_NAME_JUIZ_DE_FORA
CIVILIZATION_BRAZIL;TXT_KEY_CITY_NAME_JOINVILLE
CIVILIZATION_BRAZIL;TXT_KEY_CITY_NAME_MACAPA
CIVILIZATION_PORTUGAL;TXT_KEY_CITY_NAME_LISBON
CIVILIZATION_PORTUGAL;TXT_KEY_CITY_NAME_PORTO
CIVILIZATION_PORTUGAL;TXT_KEY_CITY_NAME_BRAGA
CIVILIZATION_PORTUGAL;TXT_KEY_CITY_NAME_COIMBRA
CIVILIZATION_PORTUGAL;TXT_KEY_CITY_NAME_FUNCHAL
CIVILIZATION_PORTUGAL;TXT_KEY_CITY_NAME_LEIRIA
CIVILIZATION_PORTUGAL;TXT_KEY_CITY_NAME_GOA
CIVILIZATION_PORTUGAL;TXT_KEY_CITY_NAME_VILA_NOVA_DE_GAIA
CIVILIZATION_PORTUGAL;TXT_KEY_CITY_NAME_AVEIRO
CIVILIZATION_PORTUGAL;TXT_KEY_CITY_NAME_LUANDA
CIVILIZATION_PORTUGAL;TXT_KEY_CITY_NAME_EVORA
CIVILIZATION_PORTUGAL;TXT_KEY_CITY_NAME_FARO
CIVILIZATION_PORTUGAL;TXT_KEY_CITY_NAME_CASTELO_BRANCO
CIVILIZATION_PORTUGAL;TXT_KEY_CITY_NAME_BISSAU
CIVILIZATION_PORTUGAL;TXT_KEY_CITY_NAME_GUARDA
CIVILIZATION_PORTUGAL;TXT_KEY_CITY_NAME_VISEU
CIVILIZATION_PORTUGAL;TXT_KEY_CITY_NAME_PRAIA
CIVILIZATION_PORTUGAL;TXT_KEY_CITY_NAME_BRAGANZA
CIVILIZATION_PORTUGAL;TXT_KEY_CITY_NAME_BEJA
CIVILIZATION_PORTUGAL;TXT_KEY_CITY_NAME_TOMAR
CIVILIZATION_PORTUGAL;TXT_KEY_CITY_NAME_MAPUTO
CIVILIZATION_PORTUGAL;TXT_KEY_CITY_NAME_TAVIRA
CIVILIZATION_PORTUGAL;TXT_KEY_CITY_NAME_FIGUEIRA_DA_FOZ
CIVILIZATION_PORTUGAL;TXT_KEY_CITY_NAME_VIANA_DO_CASTELO
CIVILIZATION_PORTUGAL;TXT_KEY_CITY_NAME_SAO_TOME_AND_PRINCIPE
CIVILIZATION_PORTUGAL;TXT_KEY_CITY_NAME_SILVES
CIVILIZATION_PORTUGAL;TXT_KEY_CITY_NAME_SINTRA
CIVILIZATION_PORTUGAL;TXT_KEY_CITY_NAME_DILI
CIVILIZATION_PORTUGAL;TXT_KEY_CITY_NAME_LAMEGO
CIVILIZATION_PORTUGAL;TXT_KEY_CITY_NAME_PONTA_DELGADA
CIVILIZATION_POLAND;TXT_KEY_CITY_NAME_WARSAW
CIVILIZATION_POLAND;TXT_KEY_CITY_NAME_KRAKOW
CIVILIZATION_POLAND;TXT_KEY_CITY_NAME_LODZ
CIVILIZATION_POLAND;TXT_KEY_CITY_NAME_WROCLAW
CIVILIZATION_POLAND;TXT_KEY_CITY_NAME_POZNAN
CIVILIZATION_POLAND;TXT_KEY_CITY_NAME_GDANSK
CIVILIZATION_POLAND;TXT_KEY_CITY_NAME_SZCZECIN
CIVILIZATION_POLAND;TXT_KEY_CITY_NAME_BYDGOSZCZ
CIVILIZATION_POLAND;TXT_KEY_CITY_NAME_LUBLIN
CIVILIZATION_POLAND;TXT_KEY_CITY_NAME_KAUNAS
CIVILIZATION_POLAND;TXT_KEY_CITY_NAME_KATOWICE
CIVILIZATION_POLAND;TXT_KEY_CITY_NAME_BIALYSTOK
CIVILIZATION_POLAND;TXT_KEY_CITY_NAME_GDYNIA
CIVILIZATION_POLAND;TXT_KEY_CITY_NAME_SWEIDNITZ
CIVILIZATION_POLAND;TXT_KEY_CITY_NAME_CZESTOCHOWA
CIVILIZATION_POLAND;TXT_KEY_CITY_NAME_RADOM
CIVILIZATION_POLAND;TXT_KEY_CITY_NAME_TORUN
CIVILIZATION_POLAND;TXT_KEY_CITY_NAME_KIELC
CIVILIZATION_POLAND;TXT_KEY_CITY_NAME_GLIWICE
CIVILIZATION_POLAND;TXT_KEY_CITY_NAME_KLAIPEDA
CIVILIZATION_POLAND;TXT_KEY_CITY_NAME_BYTOM
CIVILIZATION_POLAND;TXT_KEY_CITY_NAME_OLSZTYN
CIVILIZATION_POLAND;TXT_KEY_CITY_NAME_RZESZOW
CIVILIZATION_POLAND;TXT_KEY_CITY_NAME_BIELSKO_BIALA
CIVILIZATION_POLAND;TXT_KEY_CITY_NAME_RUDA_SLASKA
CIVILIZATION_POLAND;TXT_KEY_CITY_NAME_RYBNIK
CIVILIZATION_POLAND;TXT_KEY_CITY_NAME_PLOCK
CIVILIZATION_POLAND;TXT_KEY_CITY_NAME_ELBLAG
CIVILIZATION_POLAND;TXT_KEY_CITY_NAME_GORZOW_WIELKOPOLSKI
CIVILIZATION_POLAND;TXT_KEY_CITY_NAME_OPOLE
CIVILIZATION_POLAND;TXT_KEY_CITY_NAME_SIAULIAI
CIVILIZATION_POLAND;TXT_KEY_CITY_NAME_WALBRZYCH
CIVILIZATION_POLAND;TXT_KEY_CITY_NAME_ZIELONA_GORA
CIVILIZATION_POLAND;TXT_KEY_CITY_NAME_WLOCLAWEK
CIVILIZATION_ZULU;TXT_KEY_CITY_NAME_ULUNDI
CIVILIZATION_ZULU;TXT_KEY_CITY_NAME_UMGUNGUNDLOVU
CIVILIZATION_ZULU;TXT_KEY_CITY_NAME_NOBAMBA
CIVILIZATION_ZULU;TXT_KEY_CITY_NAME_BULAWAYO
CIVILIZATION_ZULU;TXT_KEY_CITY_NAME_KWADUKUZA
CIVILIZATION_ZULU;TXT_KEY_CITY_NAME_NONGOMA
CIVILIZATION_ZULU;TXT_KEY_CITY_NAME_ONDINI
CIVILIZATION_ZULU;TXT_KEY_CITY_NAME_NODWENGU
CIVILIZATION_ZULU;TXT_KEY_CITY_NAME_NDONDAKUSUKA
CIVILIZATION_ZULU;TXT_KEY_CITY_NAME_BABANANGO
CIVILIZATION_ZULU;TXT_KEY_CITY_NAME_KHANGELA
CIVILIZATION_ZULU;TXT_KEY_CITY_NAME_KWAHLOMENDLINI
CIVILIZATION_ZULU;TXT_KEY_CITY_NAME_HLOBANE
CIVILIZATION_ZULU;TXT_KEY_CITY_NAME_ETHEKWINI
CIVILIZATION_ZULU;TXT_KEY_CITY_NAME_MLAMBONGWENYA
CIVILIZATION_ZULU;TXT_KEY_CITY_NAME_EZIQWAQWENI
CIVILIZATION_ZULU;TXT_KEY_CITY_NAME_EMANGWENI
CIVILIZATION_ZULU;TXT_KEY_CITY_NAME_ISIPHEZI
CIVILIZATION_ZULU;TXT_KEY_CITY_NAME_MASOTSHENI
CIVILIZATION_ZULU;TXT_KEY_CITY_NAME_MTUNZINI
CIVILIZATION_ZULU;TXT_KEY_CITY_NAME_NYAKAMUBI
CIVILIZATION_ZULU;TXT_KEY_CITY_NAME_DUMAZULU
CIVILIZATION_ZULU;TXT_KEY_CITY_NAME_HLATIKULU
CIVILIZATION_ZULU;TXT_KEY_CITY_NAME_MTHONJANENI
CIVILIZATION_ZULU;TXT_KEY_CITY_NAME_EMPANGENI
CIVILIZATION_ZULU;TXT_KEY_CITY_NAME_PONGOLA
CIVILIZATION_ZULU;TXT_KEY_CITY_NAME_TUNGELA
CIVILIZATION_ZULU;TXT_KEY_CITY_NAME_KWAMASHU
CIVILIZATION_ZULU;TXT_KEY_CITY_NAME_INGWAVUMA
CIVILIZATION_ZULU;TXT_KEY_CITY_NAME_HLUHLUWE
CIVILIZATION_ZULU;TXT_KEY_CITY_NAME_MTUBATUBA
CIVILIZATION_ZULU;TXT_KEY_CITY_NAME_MHLAHLANDLELA
CIVILIZATION_ZULU;TXT_KEY_CITY_NAME_MTHATHA
CIVILIZATION_ZULU;TXT_KEY_CITY_NAME_MASERU
CIVILIZATION_ZULU;TXT_KEY_CITY_NAME_LOBAMBA
CIVILIZATION_ZULU;TXT_KEY_CITY_NAME_QUNU
CIVILIZATION_ASSYRIA;TXT_KEY_CITY_NAME_ASSUR
CIVILIZATION_ASSYRIA;TXT_KEY_CITY_NAME_NINEVEH
CIVILIZATION_ASSYRIA;TXT_KEY_CITY_NAME_NIMRUD
CIVILIZATION_ASSYRIA;TXT_KEY_CITY_NAME_KAR_TUKULTI_NINURTA
CIVILIZATION_ASSYRIA;TXT_KEY_CITY_NAME_DUR_SHARRUKIN
CIVILIZATION_ASSYRIA;TXT_KEY_CITY_NAME_HALAB
CIVILIZATION_ASSYRIA;TXT_KEY_CITY_NAME_CARCHEMISH
CIVILIZATION_ASSYRIA;TXT_KEY_CITY_NAME_KANESH
CIVILIZATION_ASSYRIA;TXT_KEY_CITY_NAME_HARRAN
CIVILIZATION_ASSYRIA;TXT_KEY_CITY_NAME_IMGUR_ENLIL
CIVILIZATION_ASSYRIA;TXT_KEY_CITY_NAME_SHUBAT_ENLIL
CIVILIZATION_ASSYRIA;TXT_KEY_CITY_NAME_QATNA
CIVILIZATION_ASSYRIA;TXT_KEY_CITY_NAME_SAREISA
CIVILIZATION_ASSYRIA;TXT_KEY_CITY_NAME_SAM_AL
CIVILIZATION_ASSYRIA;TXT_KEY_CITY_NAME_QARQAR
CIVILIZATION_ASSYRIA;TXT_KEY_CITY_NAME_TIL_BARSIP
CIVILIZATION_ASSYRIA;TXT_KEY_CITY_NAME_SULTANTEPE
CIVILIZATION_ASSYRIA;TXT_KEY_CITY_NAME_ERBIL
CIVILIZATION_ASSYRIA;TXT_KEY_CITY_NAME_HAMATH
CIVILIZATION_ASSYRIA;TXT_KEY_CITY_NAME_GUZANA
CIVILIZATION_ASSYRIA;TXT_KEY_CITY_NAME_TURUSPA
CIVILIZATION_ASSYRIA;TXT_KEY_CITY_NAME_NASIBINA
CIVILIZATION_ASSYRIA;TXT_KEY_CITY_NAME_ARPAD
CIVILIZATION_ASSYRIA;TXT_KEY_CITY_NAME_KELASHIN
CIVILIZATION_ASSYRIA;TXT_KEY_CITY_NAME_TADMOR
CIVILIZATION_ASSYRIA;TXT_KEY_CITY_NAME_URARTU
CIVILIZATION_ASSYRIA;TXT_KEY_CITY_NAME_SABATA
CIVILIZATION_ASSYRIA;TXT_KEY_CITY_NAME_HIT
CIVILIZATION_SHOSHONE;TXT_KEY_CITY_NAME_MOSON_KAHNI
CIVILIZATION_SHOSHONE;TXT_KEY_CITY_NAME_TE_MOAK
CIVILIZATION_SHOSHONE;TXT_KEY_CITY_NAME_AGAIDIKA
CIVILIZATION_SHOSHONE;TXT_KEY_CITY_NAME_GOSHUTE
CIVILIZATION_SHOSHONE;TXT_KEY_CITY_NAME_POHOKWI
CIVILIZATION_SHOSHONE;TXT_KEY_CITY_NAME_WASHAKIE
CIVILIZATION_SHOSHONE;TXT_KEY_CITY_NAME_TIMBISHA
CIVILIZATION_SHOSHONE;TXT_KEY_CITY_NAME_HUKANDEKA
CIVILIZATION_SHOSHONE;TXT_KEY_CITY_NAME_DUCKWATER
CIVILIZATION_SHOSHONE;TXT_KEY_CITY_NAME_TUKUDEKA
CIVILIZATION_SHOSHONE;TXT_KEY_CITY_NAME_KUCHUNDEKA
CIVILIZATION_SHOSHONE;TXT_KEY_CITY_NAME_YOMBA
CIVILIZATION_SHOSHONE;TXT_KEY_CITY_NAME_KAMUDEKA
CIVILIZATION_SHOSHONE;TXT_KEY_CITY_NAME_ELY
CIVILIZATION_SHOSHONE;TXT_KEY_CITY_NAME_YAMBADEKA
CIVILIZATION_SHOSHONE;TXT_KEY_CITY_NAME_NAMPA
CIVILIZATION_SHOSHONE;TXT_KEY_CITY_NAME_BANNOCK
CIVILIZATION_SHOSHONE;TXT_KEY_CITY_NAME_YAHANDEKA
CIVILIZATION_SHOSHONE;TXT_KEY_CITY_NAME_TETADEKA
CIVILIZATION_SHOSHONE;TXT_KEY_CITY_NAME_DEHEYAEKA
CIVILIZATION_SHOSHONE;TXT_KEY_CITY_NAME_PENGWIDEKA
CIVILIZATION_SHOSHONE;TXT_KEY_CITY_NAME_WINNEMUCCA
CIVILIZATION_SHOSHONE;TXT_KEY_CITY_NAME_SKULL_VALLEY
CIVILIZATION_SHOSHONE;TXT_KEY_CITY_NAME_BIG_PINE
CIVILIZATION_SHOSHONE;TXT_KEY_CITY_NAME_DUCK_VALLEY
